result_no	generate_no	block_no	e_no	
3	0	1	26
3	0	1	25
3	0	1	9
3	0	1	48
3	0	1	15
3	0	1	45
3	0	1	32
3	0	1	31
3	0	1	12
3	0	1	8
3	0	1	38
3	0	1	17
3	0	1	27
3	0	1	40
3	0	1	35
3	0	1	44
3	0	1	39
3	0	1	41
3	0	1	6
3	0	2	16
3	0	2	42
3	0	2	46
3	0	2	11
3	0	2	4
3	0	2	19
3	0	2	7
3	0	2	28
3	0	2	24
3	0	2	5
3	0	2	47
3	0	2	2
3	0	2	36
3	0	2	14
3	0	2	22
3	0	2	21
3	0	2	37
3	0	2	23
3	0	2	29
3	0	2	34
3	0	3	30
3	0	3	20
3	0	3	10
3	0	3	13
3	0	3	18
3	0	3	43
3	0	3	33
3	0	3	3
3	0	3	1
3	0	4	61
3	0	4	62
3	0	4	63
3	0	4	64
3	0	4	65
3	0	4	66
3	0	4	67
3	0	4	68
3	0	4	69
3	0	4	70
3	0	4	71
3	0	4	72
3	0	4	74
3	0	4	75
3	0	4	76
3	0	4	77
3	0	4	78
3	0	4	79
3	0	4	80
3	0	5	81
3	0	5	82
3	0	5	83
3	0	5	84
3	0	5	85
3	0	5	86
3	0	5	87
3	0	5	89
3	0	5	90
3	0	5	91
3	0	5	92
3	0	5	93
3	0	5	94
3	0	5	95
3	0	5	96
3	0	5	97
3	0	5	98
3	0	5	99
3	0	5	100
3	0	6	88
3	0	6	51
3	0	6	52
