result_no	generate_no	block_no	e_no	turn	act	data_type	value	
3	0	1	41	2019-01-01 6:8:00	1	1	17.32
3	0	1	41	2019-01-01 6:8:00	1	2	7.13
3	0	1	41	2019-01-01 6:8:00	1	3	10
3	0	1	15	2019-01-01 6:10:00	1	1	9.59
3	0	1	15	2019-01-01 6:10:00	1	2	4.15
3	0	1	15	2019-01-01 6:10:00	1	3	10
3	0	1	6	2019-01-01 6:10:00	1	1	9.59
3	0	1	6	2019-01-01 6:10:00	1	2	4.69
3	0	1	6	2019-01-01 6:10:00	1	3	10
3	0	1	44	2019-01-01 6:10:00	1	1	11.82
3	0	1	44	2019-01-01 6:10:00	1	2	18.75
3	0	1	44	2019-01-01 6:10:00	1	3	10
3	0	1	25	2019-01-01 6:10:00	1	1	11.67
3	0	1	25	2019-01-01 6:10:00	1	2	11.62
3	0	1	25	2019-01-01 6:10:00	1	3	10
3	0	1	105	2019-01-01 6:11:00	1	1	11.33
3	0	1	105	2019-01-01 6:11:00	1	2	6.12
3	0	1	105	2019-01-01 6:11:00	1	3	9.66
3	0	1	27	2019-01-01 6:11:00	1	1	11.67
3	0	1	27	2019-01-01 6:11:00	1	2	4.82
3	0	1	27	2019-01-01 6:11:00	1	3	9.04
3	0	1	17	2019-01-01 6:11:00	1	1	11.08
3	0	1	17	2019-01-01 6:11:00	1	2	4.32
3	0	1	17	2019-01-01 6:11:00	1	3	9.04
3	0	1	31	2019-01-01 6:11:00	1	1	10.97
3	0	1	31	2019-01-01 6:11:00	1	2	18.18
3	0	1	31	2019-01-01 6:11:00	1	3	9.04
3	0	1	26	2019-01-01 6:11:00	1	1	12.16
3	0	1	26	2019-01-01 6:11:00	1	2	19.43
3	0	1	26	2019-01-01 6:11:00	1	3	9.04
3	0	1	48	2019-01-01 6:11:00	1	1	9
3	0	1	48	2019-01-01 6:11:00	1	2	3.94
3	0	1	48	2019-01-01 6:11:00	1	3	9.04
3	0	1	101	2019-01-01 6:11:00	1	1	10.69
3	0	1	101	2019-01-01 6:11:00	1	2	6.67
3	0	1	101	2019-01-01 6:11:00	1	3	9.04
3	0	1	8	2019-01-01 6:11:00	1	1	8.92
3	0	1	8	2019-01-01 6:11:00	1	2	32.56
3	0	1	8	2019-01-01 6:11:00	1	3	9.04
3	0	1	32	2019-01-01 6:11:00	1	1	8.92
3	0	1	32	2019-01-01 6:11:00	1	2	4.97
3	0	1	32	2019-01-01 6:11:00	1	3	9.04
3	0	1	0	2019-01-01 6:11:00	1	1	8.92
3	0	1	0	2019-01-01 6:11:00	1	2	4.61
3	0	1	0	2019-01-01 6:11:00	1	3	9.04
3	0	1	38	2019-01-01 6:11:00	1	1	8.92
3	0	1	38	2019-01-01 6:11:00	1	2	30.11
3	0	1	38	2019-01-01 6:11:00	1	3	9.04
3	0	1	40	2019-01-01 6:11:00	1	1	8.92
3	0	1	40	2019-01-01 6:11:00	1	2	4.62
3	0	1	40	2019-01-01 6:11:00	1	3	9.04
3	0	1	45	2019-01-01 6:12:00	1	1	10.59
3	0	1	45	2019-01-01 6:12:00	1	2	4.81
3	0	1	45	2019-01-01 6:12:00	1	3	15.07
3	0	1	12	2019-01-01 6:15:00	1	1	8.83
3	0	1	12	2019-01-01 6:15:00	1	2	3.88
3	0	1	12	2019-01-01 6:15:00	1	3	14.61
3	0	1	41	2019-01-01 6:16:00	2	1	16.3
3	0	1	41	2019-01-01 6:16:00	2	2	9.32
3	0	1	41	2019-01-01 6:16:00	2	3	13.57
3	0	1	15	2019-01-01 6:20:00	1	1	8.93
3	0	1	15	2019-01-01 6:20:00	1	2	3.76
3	0	1	15	2019-01-01 6:20:00	1	3	8.83
3	0	1	6	2019-01-01 6:20:00	1	1	8.93
3	0	1	6	2019-01-01 6:20:00	1	2	4.13
3	0	1	6	2019-01-01 6:20:00	1	3	13.25
3	0	1	44	2019-01-01 6:20:00	2	1	10.04
3	0	1	44	2019-01-01 6:20:00	2	2	19.04
3	0	1	44	2019-01-01 6:20:00	2	3	8.83
3	0	1	25	2019-01-01 6:20:00	2	1	11.49
3	0	1	25	2019-01-01 6:20:00	2	2	11.63
3	0	1	25	2019-01-01 6:20:00	2	3	8.63
3	0	1	105	2019-01-01 6:21:00	2	1	11.48
3	0	1	105	2019-01-01 6:21:00	2	2	6.02
3	0	1	105	2019-01-01 6:21:00	2	3	8.71
3	0	1	27	2019-01-01 6:21:00	2	1	10.32
3	0	1	27	2019-01-01 6:21:00	2	2	5.61
3	0	1	27	2019-01-01 6:21:00	2	3	8.71
3	0	1	17	2019-01-01 6:21:00	2	1	11.39
3	0	1	17	2019-01-01 6:21:00	2	2	3.96
3	0	1	17	2019-01-01 6:21:00	2	3	8.71
3	0	1	48	2019-01-01 6:21:00	1	1	8.91
3	0	1	48	2019-01-01 6:21:00	1	2	3.63
3	0	1	48	2019-01-01 6:21:00	1	3	8.71
3	0	1	31	2019-01-01 6:21:00	2	1	9.97
3	0	1	31	2019-01-01 6:21:00	2	2	18.23
3	0	1	31	2019-01-01 6:21:00	2	3	8.71
3	0	1	101	2019-01-01 6:21:00	2	1	9.97
3	0	1	101	2019-01-01 6:21:00	2	2	7.43
3	0	1	101	2019-01-01 6:21:00	2	3	8.71
3	0	1	32	2019-01-01 6:22:00	1	1	8.91
3	0	1	32	2019-01-01 6:22:00	1	2	4.77
3	0	1	32	2019-01-01 6:22:00	1	3	8.71
3	0	1	0	2019-01-01 6:22:00	2	1	8.91
3	0	1	0	2019-01-01 6:22:00	2	2	4.37
3	0	1	0	2019-01-01 6:22:00	2	3	12.2
3	0	1	26	2019-01-01 6:22:00	2	1	12.87
3	0	1	26	2019-01-01 6:22:00	2	2	19.33
3	0	1	26	2019-01-01 6:22:00	2	3	12.2
3	0	1	8	2019-01-01 6:22:00	2	1	12.78
3	0	1	8	2019-01-01 6:22:00	2	2	30.81
3	0	1	8	2019-01-01 6:22:00	2	3	8.71
3	0	1	40	2019-01-01 6:22:00	2	1	12.45
3	0	1	40	2019-01-01 6:22:00	2	2	4.68
3	0	1	40	2019-01-01 6:22:00	2	3	8.71
3	0	1	38	2019-01-01 6:23:00	2	1	8.43
3	0	1	38	2019-01-01 6:23:00	2	2	28.89
3	0	1	38	2019-01-01 6:23:00	2	3	11.98
3	0	1	41	2019-01-01 6:23:00	3	1	16.93
3	0	1	41	2019-01-01 6:23:00	3	2	10.87
3	0	1	41	2019-01-01 6:23:00	3	3	11.76
3	0	1	45	2019-01-01 6:24:00	2	1	10.54
3	0	1	45	2019-01-01 6:24:00	2	2	4.64
3	0	1	45	2019-01-01 6:24:00	2	3	14.86
3	0	1	12	2019-01-01 6:29:00	1	1	8.48
3	0	1	12	2019-01-01 6:29:00	1	2	3.6
3	0	1	12	2019-01-01 6:29:00	1	3	10.85
3	0	1	15	2019-01-01 6:29:00	1	1	8.48
3	0	1	15	2019-01-01 6:29:00	1	2	3.6
3	0	1	15	2019-01-01 6:29:00	1	3	8.14
3	0	1	6	2019-01-01 6:30:00	1	1	8.48
3	0	1	6	2019-01-01 6:30:00	1	2	3.92
3	0	1	6	2019-01-01 6:30:00	1	3	10.85
3	0	1	44	2019-01-01 6:30:00	3	1	9.19
3	0	1	44	2019-01-01 6:30:00	3	2	17.44
3	0	1	44	2019-01-01 6:30:00	3	3	8.14
3	0	1	25	2019-01-01 6:30:00	3	1	12.53
3	0	1	25	2019-01-01 6:30:00	3	2	10.63
3	0	1	25	2019-01-01 6:30:00	3	3	8.14
3	0	1	105	2019-01-01 6:31:00	3	1	12.55
3	0	1	105	2019-01-01 6:31:00	3	2	5.57
3	0	1	105	2019-01-01 6:31:00	3	3	8.36
3	0	1	41	2019-01-01 6:31:00	4	1	17.28
3	0	1	41	2019-01-01 6:31:00	4	2	11.24
3	0	1	41	2019-01-01 6:31:00	4	3	13.14
3	0	1	27	2019-01-01 6:31:00	3	1	11.81
3	0	1	27	2019-01-01 6:31:00	3	2	5.13
3	0	1	27	2019-01-01 6:31:00	3	3	8.36
3	0	1	17	2019-01-01 6:32:00	3	1	12.19
3	0	1	17	2019-01-01 6:32:00	3	2	3.94
3	0	1	17	2019-01-01 6:32:00	3	3	10.75
3	0	1	48	2019-01-01 6:32:00	1	1	8.13
3	0	1	48	2019-01-01 6:32:00	1	2	3.63
3	0	1	48	2019-01-01 6:32:00	1	3	8.36
3	0	1	101	2019-01-01 6:32:00	3	1	13.11
3	0	1	101	2019-01-01 6:32:00	3	2	7.12
3	0	1	101	2019-01-01 6:32:00	3	3	8.36
3	0	1	31	2019-01-01 6:32:00	3	1	8.61
3	0	1	31	2019-01-01 6:32:00	3	2	16.97
3	0	1	31	2019-01-01 6:32:00	3	3	8.36
3	0	1	32	2019-01-01 6:32:00	1	1	7.93
3	0	1	32	2019-01-01 6:32:00	1	2	4.67
3	0	1	32	2019-01-01 6:32:00	1	3	8.36
3	0	1	0	2019-01-01 6:33:00	3	1	7.93
3	0	1	0	2019-01-01 6:33:00	3	2	4.18
3	0	1	0	2019-01-01 6:33:00	3	3	13.14
3	0	1	26	2019-01-01 6:33:00	3	1	10.55
3	0	1	26	2019-01-01 6:33:00	3	2	19.73
3	0	1	26	2019-01-01 6:33:00	3	3	10.75
3	0	1	8	2019-01-01 6:33:00	3	1	10.67
3	0	1	8	2019-01-01 6:33:00	3	2	31.09
3	0	1	8	2019-01-01 6:33:00	3	3	10.75
3	0	1	40	2019-01-01 6:33:00	3	1	10.64
3	0	1	40	2019-01-01 6:33:00	3	2	4.75
3	0	1	40	2019-01-01 6:33:00	3	3	10.75
3	0	1	38	2019-01-01 6:34:00	3	1	7.93
3	0	1	38	2019-01-01 6:34:00	3	2	29.63
3	0	1	38	2019-01-01 6:34:00	3	3	10.75
3	0	1	45	2019-01-01 6:36:00	3	1	9.56
3	0	1	45	2019-01-01 6:36:00	3	2	4.44
3	0	1	45	2019-01-01 6:36:00	3	3	12.8
3	0	1	41	2019-01-01 6:38:00	5	1	15.76
3	0	1	41	2019-01-01 6:38:00	5	2	10.57
3	0	1	41	2019-01-01 6:38:00	5	3	12.8
3	0	1	15	2019-01-01 6:39:00	1	1	8.14
3	0	1	15	2019-01-01 6:39:00	1	2	3.73
3	0	1	15	2019-01-01 6:39:00	1	3	8.53
3	0	1	6	2019-01-01 6:39:00	1	1	8.14
3	0	1	6	2019-01-01 6:39:00	1	2	3.98
3	0	1	6	2019-01-01 6:39:00	1	3	10.67
3	0	1	44	2019-01-01 6:40:00	4	1	8.65
3	0	1	44	2019-01-01 6:40:00	4	2	14.57
3	0	1	44	2019-01-01 6:40:00	4	3	8.53
3	0	1	25	2019-01-01 6:40:00	4	1	11.17
3	0	1	25	2019-01-01 6:40:00	4	2	10.39
3	0	1	25	2019-01-01 6:40:00	4	3	8.53
3	0	1	105	2019-01-01 6:41:00	4	1	11.44
3	0	1	105	2019-01-01 6:41:00	4	2	5.38
3	0	1	105	2019-01-01 6:41:00	4	3	8.68
3	0	1	27	2019-01-01 6:41:00	4	1	11.13
3	0	1	27	2019-01-01 6:41:00	4	2	5.04
3	0	1	27	2019-01-01 6:41:00	4	3	8.68
3	0	1	17	2019-01-01 6:42:00	4	1	11.55
3	0	1	17	2019-01-01 6:42:00	4	2	4.07
3	0	1	17	2019-01-01 6:42:00	4	3	10.6
3	0	1	48	2019-01-01 6:42:00	1	1	8.32
3	0	1	48	2019-01-01 6:42:00	1	2	3.81
3	0	1	48	2019-01-01 6:42:00	1	3	8.68
3	0	1	101	2019-01-01 6:42:00	4	1	12.53
3	0	1	101	2019-01-01 6:42:00	4	2	6.67
3	0	1	101	2019-01-01 6:42:00	4	3	8.68
3	0	1	31	2019-01-01 6:42:00	3	1	8.87
3	0	1	31	2019-01-01 6:42:00	3	2	17.07
3	0	1	31	2019-01-01 6:42:00	3	3	8.68
3	0	1	32	2019-01-01 6:43:00	1	1	8.32
3	0	1	32	2019-01-01 6:43:00	1	2	4.66
3	0	1	32	2019-01-01 6:43:00	1	3	8.68
3	0	1	0	2019-01-01 6:43:00	3	1	8.32
3	0	1	0	2019-01-01 6:43:00	3	2	4.26
3	0	1	0	2019-01-01 6:43:00	3	3	12.53
3	0	1	12	2019-01-01 6:44:00	1	1	8.32
3	0	1	12	2019-01-01 6:44:00	1	2	3.81
3	0	1	12	2019-01-01 6:44:00	1	3	10.6
3	0	1	26	2019-01-01 6:44:00	3	1	10.45
3	0	1	26	2019-01-01 6:44:00	3	2	20.71
3	0	1	26	2019-01-01 6:44:00	3	3	10.6
3	0	1	8	2019-01-01 6:44:00	3	1	10.55
3	0	1	8	2019-01-01 6:44:00	3	2	32.66
3	0	1	8	2019-01-01 6:44:00	3	3	10.6
3	0	1	40	2019-01-01 6:44:00	3	1	10.52
3	0	1	40	2019-01-01 6:44:00	3	2	4.73
3	0	1	40	2019-01-01 6:44:00	3	3	10.6
3	0	1	38	2019-01-01 6:45:00	3	1	8.32
3	0	1	38	2019-01-01 6:45:00	3	2	31.17
3	0	1	38	2019-01-01 6:45:00	3	3	10.6
3	0	1	41	2019-01-01 6:46:00	5	1	14.78
3	0	1	41	2019-01-01 6:46:00	5	2	9.58
3	0	1	41	2019-01-01 6:46:00	5	3	12.31
3	0	1	15	2019-01-01 6:48:00	1	1	8.46
3	0	1	15	2019-01-01 6:48:00	1	2	3.88
3	0	1	15	2019-01-01 6:48:00	1	3	8.79
3	0	1	45	2019-01-01 6:49:00	3	1	9.63
3	0	1	45	2019-01-01 6:49:00	3	2	4.47
3	0	1	45	2019-01-01 6:49:00	3	3	12.31
3	0	1	6	2019-01-01 6:49:00	1	1	8.46
3	0	1	6	2019-01-01 6:49:00	1	2	4.09
3	0	1	6	2019-01-01 6:49:00	1	3	10.55
3	0	1	44	2019-01-01 6:49:00	4	1	8.88
3	0	1	44	2019-01-01 6:49:00	4	2	12.91
3	0	1	44	2019-01-01 6:49:00	4	3	8.79
3	0	1	25	2019-01-01 6:50:00	4	1	10.97
3	0	1	25	2019-01-01 6:50:00	4	2	9.43
3	0	1	25	2019-01-01 6:50:00	4	3	8.79
3	0	1	105	2019-01-01 6:51:00	4	1	11.22
3	0	1	105	2019-01-01 6:51:00	4	2	5.26
3	0	1	105	2019-01-01 6:51:00	4	3	8.89
3	0	1	27	2019-01-01 6:51:00	4	1	10.95
3	0	1	27	2019-01-01 6:51:00	4	2	4.97
3	0	1	27	2019-01-01 6:51:00	4	3	8.89
3	0	1	17	2019-01-01 6:53:00	4	1	11.3
3	0	1	17	2019-01-01 6:53:00	4	2	4.15
3	0	1	17	2019-01-01 6:53:00	4	3	10.51
3	0	1	48	2019-01-01 6:53:00	1	1	8.58
3	0	1	48	2019-01-01 6:53:00	1	2	3.94
3	0	1	48	2019-01-01 6:53:00	1	3	8.89
3	0	1	101	2019-01-01 6:53:00	4	1	12.14
3	0	1	101	2019-01-01 6:53:00	4	2	6.35
3	0	1	101	2019-01-01 6:53:00	4	3	8.89
3	0	1	31	2019-01-01 6:53:00	3	1	9.04
3	0	1	31	2019-01-01 6:53:00	3	2	17.13
3	0	1	31	2019-01-01 6:53:00	3	3	8.89
3	0	1	32	2019-01-01 6:53:00	1	1	8.58
3	0	1	32	2019-01-01 6:53:00	1	2	4.66
3	0	1	32	2019-01-01 6:53:00	1	3	8.89
3	0	1	41	2019-01-01 6:53:00	5	1	14.41
3	0	1	41	2019-01-01 6:53:00	5	2	9.19
3	0	1	41	2019-01-01 6:53:00	5	3	12.12
3	0	1	0	2019-01-01 6:54:00	3	1	8.58
3	0	1	0	2019-01-01 6:54:00	3	2	4.32
3	0	1	0	2019-01-01 6:54:00	3	3	12.12
3	0	1	26	2019-01-01 6:55:00	3	1	10.38
3	0	1	26	2019-01-01 6:55:00	3	2	21.39
3	0	1	26	2019-01-01 6:55:00	3	3	10.51
3	0	1	8	2019-01-01 6:55:00	3	1	10.46
3	0	1	8	2019-01-01 6:55:00	3	2	33.75
3	0	1	8	2019-01-01 6:55:00	3	3	10.51
3	0	1	40	2019-01-01 6:55:00	3	1	10.44
3	0	1	40	2019-01-01 6:55:00	3	2	4.72
3	0	1	40	2019-01-01 6:55:00	3	3	10.51
3	0	1	38	2019-01-01 6:56:00	3	1	8.68
3	0	1	38	2019-01-01 6:56:00	3	2	32.65
3	0	1	38	2019-01-01 6:56:00	3	3	10.47
3	0	1	12	2019-01-01 6:58:00	1	1	8.68
3	0	1	12	2019-01-01 6:58:00	1	2	3.99
3	0	1	12	2019-01-01 6:58:00	1	3	10.47
3	0	1	15	2019-01-01 6:58:00	1	1	8.68
3	0	1	15	2019-01-01 6:58:00	1	2	3.99
3	0	1	15	2019-01-01 6:58:00	1	3	8.97
3	0	1	6	2019-01-01 6:59:00	1	1	8.68
3	0	1	6	2019-01-01 6:59:00	1	2	4.17
3	0	1	6	2019-01-01 6:59:00	1	3	10.47
3	0	1	44	2019-01-01 6:59:00	4	1	9.04
3	0	1	44	2019-01-01 6:59:00	4	2	11.72
3	0	1	44	2019-01-01 6:59:00	4	3	8.97
3	0	1	25	2019-01-01 7:0:00	4	1	10.83
3	0	1	25	2019-01-01 7:0:00	4	2	8.74
3	0	1	25	2019-01-01 7:0:00	4	3	8.97
3	0	1	105	2019-01-01 7:1:00	4	1	11.05
3	0	1	105	2019-01-01 7:1:00	4	2	5.22
3	0	1	105	2019-01-01 7:1:00	4	3	9.04
3	0	1	41	2019-01-01 7:1:00	5	1	13.81
3	0	1	41	2019-01-01 7:1:00	5	2	8.65
3	0	1	41	2019-01-01 7:1:00	5	3	11.83
3	0	1	45	2019-01-01 7:1:00	3	1	9.71
3	0	1	45	2019-01-01 7:1:00	3	2	4.54
3	0	1	45	2019-01-01 7:1:00	3	3	11.83
3	0	1	27	2019-01-01 7:1:00	4	1	10.82
3	0	1	27	2019-01-01 7:1:00	4	2	4.97
3	0	1	27	2019-01-01 7:1:00	4	3	9.04
3	0	1	17	2019-01-01 7:3:00	4	1	11.13
3	0	1	17	2019-01-01 7:3:00	4	2	4.25
3	0	1	17	2019-01-01 7:3:00	4	3	10.43
3	0	1	48	2019-01-01 7:3:00	1	1	8.77
3	0	1	48	2019-01-01 7:3:00	1	2	4.06
3	0	1	48	2019-01-01 7:3:00	1	3	9.04
3	0	1	101	2019-01-01 7:3:00	4	1	11.85
3	0	1	101	2019-01-01 7:3:00	4	2	6.17
3	0	1	101	2019-01-01 7:3:00	4	3	9.04
3	0	1	31	2019-01-01 7:3:00	3	1	9.17
3	0	1	31	2019-01-01 7:3:00	3	2	17.3
3	0	1	31	2019-01-01 7:3:00	3	3	9.04
3	0	1	32	2019-01-01 7:4:00	1	1	8.77
3	0	1	32	2019-01-01 7:4:00	1	2	4.69
3	0	1	32	2019-01-01 7:4:00	1	3	9.04
3	0	1	0	2019-01-01 7:5:00	3	1	8.77
3	0	1	0	2019-01-01 7:5:00	3	2	4.39
3	0	1	0	2019-01-01 7:5:00	3	3	11.83
3	0	1	8	2019-01-01 7:6:00	3	1	10.37
3	0	1	8	2019-01-01 7:6:00	3	2	35.35
3	0	1	8	2019-01-01 7:6:00	3	3	10.41
3	0	1	40	2019-01-01 7:6:00	3	1	10.35
3	0	1	40	2019-01-01 7:6:00	3	2	4.77
3	0	1	40	2019-01-01 7:6:00	3	3	10.41
3	0	1	26	2019-01-01 7:7:00	3	1	10.3
3	0	1	26	2019-01-01 7:7:00	3	2	19.78
3	0	1	26	2019-01-01 7:7:00	3	3	10.41
3	0	1	38	2019-01-01 7:7:00	3	1	8.85
3	0	1	38	2019-01-01 7:7:00	3	2	33.78
3	0	1	38	2019-01-01 7:7:00	3	3	10.41
3	0	1	15	2019-01-01 7:8:00	1	1	8.85
3	0	1	15	2019-01-01 7:8:00	1	2	4.13
3	0	1	15	2019-01-01 7:8:00	1	3	9.1
3	0	1	41	2019-01-01 7:9:00	5	1	13.57
3	0	1	41	2019-01-01 7:9:00	5	2	8.45
3	0	1	41	2019-01-01 7:9:00	5	3	11.71
3	0	1	6	2019-01-01 7:9:00	1	1	8.85
3	0	1	6	2019-01-01 7:9:00	1	2	4.28
3	0	1	6	2019-01-01 7:9:00	1	3	10.41
3	0	1	44	2019-01-01 7:9:00	4	1	9.16
3	0	1	44	2019-01-01 7:9:00	4	2	10.98
3	0	1	44	2019-01-01 7:9:00	4	3	9.1
3	0	1	25	2019-01-01 7:10:00	4	1	10.73
3	0	1	25	2019-01-01 7:10:00	4	2	8.34
3	0	1	25	2019-01-01 7:10:00	4	3	9.1
3	0	1	105	2019-01-01 7:10:00	4	1	10.98
3	0	1	105	2019-01-01 7:10:00	4	2	5.21
3	0	1	105	2019-01-01 7:10:00	4	3	9.1
3	0	1	27	2019-01-01 7:11:00	4	1	10.72
3	0	1	27	2019-01-01 7:11:00	4	2	4.99
3	0	1	27	2019-01-01 7:11:00	4	3	9.16
3	0	1	12	2019-01-01 7:12:00	1	1	8.91
3	0	1	12	2019-01-01 7:12:00	1	2	4.19
3	0	1	12	2019-01-01 7:12:00	1	3	10.38
3	0	1	45	2019-01-01 7:13:00	3	1	9.74
3	0	1	45	2019-01-01 7:13:00	3	2	4.61
3	0	1	45	2019-01-01 7:13:00	3	3	11.6
3	0	1	17	2019-01-01 7:14:00	4	1	10.99
3	0	1	17	2019-01-01 7:14:00	4	2	4.35
3	0	1	17	2019-01-01 7:14:00	4	3	10.38
3	0	1	48	2019-01-01 7:14:00	1	1	8.91
3	0	1	48	2019-01-01 7:14:00	1	2	4.19
3	0	1	48	2019-01-01 7:14:00	1	3	9.16
3	0	1	101	2019-01-01 7:14:00	4	1	11.63
3	0	1	101	2019-01-01 7:14:00	4	2	6.06
3	0	1	101	2019-01-01 7:14:00	4	3	9.16
3	0	1	31	2019-01-01 7:14:00	3	1	9.27
3	0	1	31	2019-01-01 7:14:00	3	2	17.55
3	0	1	31	2019-01-01 7:14:00	3	3	9.16
3	0	1	32	2019-01-01 7:14:00	1	1	8.91
3	0	1	32	2019-01-01 7:14:00	1	2	4.74
3	0	1	32	2019-01-01 7:14:00	1	3	9.16
3	0	2	23	2019-01-01 6:8:00	1	1	15.46
3	0	2	23	2019-01-01 6:8:00	1	2	19.07
3	0	2	23	2019-01-01 6:8:00	1	3	9.8
3	0	2	19	2019-01-01 6:8:00	1	1	13.91
3	0	2	19	2019-01-01 6:8:00	1	2	5.66
3	0	2	19	2019-01-01 6:8:00	1	3	9.8
3	0	2	0	2019-01-01 6:8:00	1	1	14.1
3	0	2	0	2019-01-01 6:8:00	1	2	8.27
3	0	2	0	2019-01-01 6:8:00	1	3	9.8
3	0	2	37	2019-01-01 6:10:00	1	1	9.24
3	0	2	37	2019-01-01 6:10:00	1	2	15.29
3	0	2	37	2019-01-01 6:10:00	1	3	9.8
3	0	2	0	2019-01-01 6:10:00	1	1	12.41
3	0	2	0	2019-01-01 6:10:00	1	2	7.15
3	0	2	0	2019-01-01 6:10:00	1	3	9.8
3	0	2	11	2019-01-01 6:10:00	1	1	9.09
3	0	2	11	2019-01-01 6:10:00	1	2	19.37
3	0	2	11	2019-01-01 6:10:00	1	3	9.8
3	0	2	36	2019-01-01 6:10:00	1	1	10.89
3	0	2	36	2019-01-01 6:10:00	1	2	5.29
3	0	2	36	2019-01-01 6:10:00	1	3	9.8
3	0	2	7	2019-01-01 6:11:00	1	1	9.27
3	0	2	7	2019-01-01 6:11:00	1	2	5.13
3	0	2	7	2019-01-01 6:11:00	1	3	8.19
3	0	2	21	2019-01-01 6:11:00	1	1	11.25
3	0	2	21	2019-01-01 6:11:00	1	2	5.92
3	0	2	21	2019-01-01 6:11:00	1	3	8.19
3	0	2	14	2019-01-01 6:11:00	1	1	11.59
3	0	2	14	2019-01-01 6:11:00	1	2	6.03
3	0	2	14	2019-01-01 6:11:00	1	3	8.19
3	0	2	5	2019-01-01 6:11:00	1	1	10.81
3	0	2	5	2019-01-01 6:11:00	1	2	22.24
3	0	2	5	2019-01-01 6:11:00	1	3	8.19
3	0	2	4	2019-01-01 6:11:00	1	1	8.97
3	0	2	4	2019-01-01 6:11:00	1	2	40.99
3	0	2	4	2019-01-01 6:11:00	1	3	8.19
3	0	2	0	2019-01-01 6:11:00	1	1	8.97
3	0	2	0	2019-01-01 6:11:00	1	2	8.35
3	0	2	0	2019-01-01 6:11:00	1	3	8.19
3	0	2	34	2019-01-01 6:11:00	1	1	11.26
3	0	2	34	2019-01-01 6:11:00	1	2	5.79
3	0	2	34	2019-01-01 6:11:00	1	3	8.19
3	0	2	28	2019-01-01 6:11:00	1	1	10.3
3	0	2	28	2019-01-01 6:11:00	1	2	5.86
3	0	2	28	2019-01-01 6:11:00	1	3	11.47
3	0	2	22	2019-01-01 6:11:00	1	1	12.13
3	0	2	22	2019-01-01 6:11:00	1	2	6.01
3	0	2	22	2019-01-01 6:11:00	1	3	8.19
3	0	2	2	2019-01-01 6:12:00	1	1	9.96
3	0	2	2	2019-01-01 6:12:00	1	2	5.83
3	0	2	2	2019-01-01 6:12:00	1	3	8.19
3	0	2	29	2019-01-01 6:12:00	1	1	10.52
3	0	2	29	2019-01-01 6:12:00	1	2	5.72
3	0	2	29	2019-01-01 6:12:00	1	3	13.66
3	0	2	46	2019-01-01 6:12:00	1	1	8.5
3	0	2	46	2019-01-01 6:12:00	1	2	4.93
3	0	2	46	2019-01-01 6:12:00	1	3	8.19
3	0	2	16	2019-01-01 6:13:00	1	1	9.89
3	0	2	16	2019-01-01 6:13:00	1	2	8.21
3	0	2	16	2019-01-01 6:13:00	1	3	8.19
3	0	2	23	2019-01-01 6:15:00	2	1	15.05
3	0	2	23	2019-01-01 6:15:00	2	2	17.93
3	0	2	23	2019-01-01 6:15:00	2	3	12.95
3	0	2	19	2019-01-01 6:16:00	2	1	14.11
3	0	2	19	2019-01-01 6:16:00	2	2	4.82
3	0	2	19	2019-01-01 6:16:00	2	3	12.04
3	0	2	0	2019-01-01 6:16:00	2	1	13.03
3	0	2	0	2019-01-01 6:16:00	2	2	9.69
3	0	2	0	2019-01-01 6:16:00	2	3	12.04
3	0	2	37	2019-01-01 6:19:00	2	1	8.42
3	0	2	37	2019-01-01 6:19:00	2	2	9.5
3	0	2	37	2019-01-01 6:19:00	2	3	16.06
3	0	2	0	2019-01-01 6:20:00	2	1	13.37
3	0	2	0	2019-01-01 6:20:00	2	2	8.4
3	0	2	0	2019-01-01 6:20:00	2	3	8.03
3	0	2	11	2019-01-01 6:20:00	2	1	9.33
3	0	2	11	2019-01-01 6:20:00	2	2	19.31
3	0	2	11	2019-01-01 6:20:00	2	3	8.03
3	0	2	36	2019-01-01 6:20:00	2	1	10.19
3	0	2	36	2019-01-01 6:20:00	2	2	7.23
3	0	2	36	2019-01-01 6:20:00	2	3	7.87
3	0	2	7	2019-01-01 6:21:00	1	1	8.45
3	0	2	7	2019-01-01 6:21:00	1	2	4.78
3	0	2	7	2019-01-01 6:21:00	1	3	8.19
3	0	2	21	2019-01-01 6:21:00	2	1	10.87
3	0	2	21	2019-01-01 6:21:00	2	2	6.14
3	0	2	21	2019-01-01 6:21:00	2	3	8.19
3	0	2	5	2019-01-01 6:21:00	2	1	9.42
3	0	2	5	2019-01-01 6:21:00	2	2	21.31
3	0	2	5	2019-01-01 6:21:00	2	3	8.19
3	0	2	14	2019-01-01 6:21:00	2	1	11.17
3	0	2	14	2019-01-01 6:21:00	2	2	5.97
3	0	2	14	2019-01-01 6:21:00	2	3	11.47
3	0	2	0	2019-01-01 6:22:00	2	1	9.47
3	0	2	0	2019-01-01 6:22:00	2	2	7.99
3	0	2	0	2019-01-01 6:22:00	2	3	8.19
3	0	2	28	2019-01-01 6:22:00	2	1	11.19
3	0	2	28	2019-01-01 6:22:00	2	2	5.73
3	0	2	28	2019-01-01 6:22:00	2	3	11.47
3	0	2	34	2019-01-01 6:22:00	2	1	12.47
3	0	2	34	2019-01-01 6:22:00	2	2	6.53
3	0	2	34	2019-01-01 6:22:00	2	3	8.19
3	0	2	0	2019-01-01 6:22:00	2	1	12.38
3	0	2	0	2019-01-01 6:22:00	2	2	5.84
3	0	2	0	2019-01-01 6:22:00	2	3	11.47
3	0	2	23	2019-01-01 6:22:00	3	1	13.38
3	0	2	23	2019-01-01 6:22:00	3	2	18.64
3	0	2	23	2019-01-01 6:22:00	3	3	11.47
3	0	2	4	2019-01-01 6:22:00	2	1	10.95
3	0	2	4	2019-01-01 6:22:00	2	2	39.41
3	0	2	4	2019-01-01 6:22:00	2	3	11.47
3	0	2	2	2019-01-01 6:22:00	2	1	10.48
3	0	2	2	2019-01-01 6:22:00	2	2	5.4
3	0	2	2	2019-01-01 6:22:00	2	3	8.19
3	0	2	19	2019-01-01 6:23:00	3	1	12.4
3	0	2	19	2019-01-01 6:23:00	3	2	5.09
3	0	2	19	2019-01-01 6:23:00	3	3	11.47
3	0	2	29	2019-01-01 6:23:00	2	1	10.13
3	0	2	29	2019-01-01 6:23:00	2	2	5.67
3	0	2	29	2019-01-01 6:23:00	2	3	11.47
3	0	2	0	2019-01-01 6:24:00	3	1	11.6
3	0	2	0	2019-01-01 6:24:00	3	2	10.23
3	0	2	0	2019-01-01 6:24:00	3	3	11.29
3	0	2	46	2019-01-01 6:24:00	1	1	7.63
3	0	2	46	2019-01-01 6:24:00	1	2	4.61
3	0	2	46	2019-01-01 6:24:00	1	3	11.29
3	0	2	16	2019-01-01 6:25:00	2	1	8.42
3	0	2	16	2019-01-01 6:25:00	2	2	9.17
3	0	2	16	2019-01-01 6:25:00	2	3	7.69
3	0	2	37	2019-01-01 6:28:00	2	1	7.94
3	0	2	37	2019-01-01 6:28:00	2	2	7.85
3	0	2	37	2019-01-01 6:28:00	2	3	15.95
3	0	2	0	2019-01-01 6:29:00	3	1	13.67
3	0	2	0	2019-01-01 6:29:00	3	2	8.33
3	0	2	0	2019-01-01 6:29:00	3	3	7.97
3	0	2	23	2019-01-01 6:29:00	4	1	14.26
3	0	2	23	2019-01-01 6:29:00	4	2	19.1
3	0	2	23	2019-01-01 6:29:00	4	3	13.29
3	0	2	11	2019-01-01 6:30:00	3	1	10.08
3	0	2	11	2019-01-01 6:30:00	3	2	19.26
3	0	2	11	2019-01-01 6:30:00	3	3	7.77
3	0	2	36	2019-01-01 6:30:00	3	1	10.57
3	0	2	36	2019-01-01 6:30:00	3	2	6.71
3	0	2	36	2019-01-01 6:30:00	3	3	7.77
3	0	2	19	2019-01-01 6:31:00	4	1	12.95
3	0	2	19	2019-01-01 6:31:00	4	2	5.12
3	0	2	19	2019-01-01 6:31:00	4	3	10.32
3	0	2	7	2019-01-01 6:31:00	1	1	7.83
3	0	2	7	2019-01-01 6:31:00	1	2	4.79
3	0	2	7	2019-01-01 6:31:00	1	3	8.02
3	0	2	0	2019-01-01 6:32:00	4	1	12.47
3	0	2	0	2019-01-01 6:32:00	4	2	9.69
3	0	2	0	2019-01-01 6:32:00	4	3	10.32
3	0	2	21	2019-01-01 6:32:00	3	1	9.4
3	0	2	21	2019-01-01 6:32:00	3	2	6.09
3	0	2	21	2019-01-01 6:32:00	3	3	8.02
3	0	2	14	2019-01-01 6:32:00	3	1	9.65
3	0	2	14	2019-01-01 6:32:00	3	2	5.65
3	0	2	14	2019-01-01 6:32:00	3	3	10.32
3	0	2	5	2019-01-01 6:32:00	3	1	8.44
3	0	2	5	2019-01-01 6:32:00	3	2	20.98
3	0	2	5	2019-01-01 6:32:00	3	3	8.02
3	0	2	0	2019-01-01 6:32:00	3	1	8.56
3	0	2	0	2019-01-01 6:32:00	3	2	7.12
3	0	2	0	2019-01-01 6:32:00	3	3	10.32
3	0	2	28	2019-01-01 6:33:00	3	1	9.8
3	0	2	28	2019-01-01 6:33:00	3	2	5.59
3	0	2	28	2019-01-01 6:33:00	3	3	13.07
3	0	2	34	2019-01-01 6:33:00	3	1	10.79
3	0	2	34	2019-01-01 6:33:00	3	2	6.74
3	0	2	34	2019-01-01 6:33:00	3	3	8.02
3	0	2	0	2019-01-01 6:33:00	3	1	10.84
3	0	2	0	2019-01-01 6:33:00	3	2	5.59
3	0	2	0	2019-01-01 6:33:00	3	3	12.61
3	0	2	2	2019-01-01 6:33:00	3	1	9.75
3	0	2	2	2019-01-01 6:33:00	3	2	5.32
3	0	2	2	2019-01-01 6:33:00	3	3	10.32
3	0	2	4	2019-01-01 6:33:00	3	1	10.01
3	0	2	4	2019-01-01 6:33:00	3	2	40.77
3	0	2	4	2019-01-01 6:33:00	3	3	10.32
3	0	2	29	2019-01-01 6:34:00	3	1	9.56
3	0	2	29	2019-01-01 6:34:00	3	2	5.54
3	0	2	29	2019-01-01 6:34:00	3	3	10.32
3	0	2	46	2019-01-01 6:36:00	1	1	7.98
3	0	2	46	2019-01-01 6:36:00	1	2	4.94
3	0	2	46	2019-01-01 6:36:00	1	3	10.28
3	0	2	23	2019-01-01 6:37:00	5	1	12.99
3	0	2	23	2019-01-01 6:37:00	5	2	16.41
3	0	2	23	2019-01-01 6:37:00	5	3	12.34
3	0	2	37	2019-01-01 6:37:00	2	1	7.98
3	0	2	37	2019-01-01 6:37:00	2	2	7.41
3	0	2	37	2019-01-01 6:37:00	2	3	14.4
3	0	2	19	2019-01-01 6:38:00	5	1	12.55
3	0	2	19	2019-01-01 6:38:00	5	2	5.24
3	0	2	19	2019-01-01 6:38:00	5	3	10.28
3	0	2	16	2019-01-01 6:38:00	3	1	8.5
3	0	2	16	2019-01-01 6:38:00	3	2	8.35
3	0	2	16	2019-01-01 6:38:00	3	3	8.23
3	0	2	0	2019-01-01 6:38:00	4	1	12.44
3	0	2	0	2019-01-01 6:38:00	4	2	7.81
3	0	2	0	2019-01-01 6:38:00	4	3	8.23
3	0	2	0	2019-01-01 6:40:00	5	1	12.22
3	0	2	0	2019-01-01 6:40:00	5	2	9.39
3	0	2	0	2019-01-01 6:40:00	5	3	10.28
3	0	2	11	2019-01-01 6:40:00	4	1	9.84
3	0	2	11	2019-01-01 6:40:00	4	2	16.71
3	0	2	11	2019-01-01 6:40:00	4	3	8.23
3	0	2	36	2019-01-01 6:40:00	4	1	10.28
3	0	2	36	2019-01-01 6:40:00	4	2	6.92
3	0	2	36	2019-01-01 6:40:00	4	3	8.23
3	0	2	7	2019-01-01 6:42:00	1	1	8.17
3	0	2	7	2019-01-01 6:42:00	1	2	5.07
3	0	2	7	2019-01-01 6:42:00	1	3	8.39
3	0	2	21	2019-01-01 6:42:00	3	1	9.51
3	0	2	21	2019-01-01 6:42:00	3	2	6.16
3	0	2	21	2019-01-01 6:42:00	3	3	8.39
3	0	2	14	2019-01-01 6:42:00	3	1	9.72
3	0	2	14	2019-01-01 6:42:00	3	2	5.8
3	0	2	14	2019-01-01 6:42:00	3	3	10.26
3	0	2	5	2019-01-01 6:42:00	3	1	8.72
3	0	2	5	2019-01-01 6:42:00	3	2	22.06
3	0	2	5	2019-01-01 6:42:00	3	3	8.39
3	0	2	0	2019-01-01 6:43:00	3	1	8.82
3	0	2	0	2019-01-01 6:43:00	3	2	7.02
3	0	2	0	2019-01-01 6:43:00	3	3	10.26
3	0	2	28	2019-01-01 6:43:00	3	1	9.83
3	0	2	28	2019-01-01 6:43:00	3	2	5.75
3	0	2	28	2019-01-01 6:43:00	3	3	12.5
3	0	2	34	2019-01-01 6:43:00	3	1	10.65
3	0	2	34	2019-01-01 6:43:00	3	2	6.7
3	0	2	34	2019-01-01 6:43:00	3	3	8.39
3	0	2	2	2019-01-01 6:43:00	3	1	9.8
3	0	2	2	2019-01-01 6:43:00	3	2	5.52
3	0	2	2	2019-01-01 6:43:00	3	3	10.26
3	0	2	0	2019-01-01 6:43:00	3	1	10.69
3	0	2	0	2019-01-01 6:43:00	3	2	5.75
3	0	2	0	2019-01-01 6:43:00	3	3	12.12
3	0	2	23	2019-01-01 6:44:00	5	1	12.72
3	0	2	23	2019-01-01 6:44:00	5	2	15.56
3	0	2	23	2019-01-01 6:44:00	5	3	12.12
3	0	2	4	2019-01-01 6:44:00	3	1	10.01
3	0	2	4	2019-01-01 6:44:00	3	2	43.33
3	0	2	4	2019-01-01 6:44:00	3	3	10.26
3	0	2	19	2019-01-01 6:46:00	5	1	12.12
3	0	2	19	2019-01-01 6:46:00	5	2	5.44
3	0	2	19	2019-01-01 6:46:00	5	3	10.23
3	0	2	29	2019-01-01 6:46:00	3	1	9.67
3	0	2	29	2019-01-01 6:46:00	3	2	5.77
3	0	2	29	2019-01-01 6:46:00	3	3	10.23
3	0	2	37	2019-01-01 6:46:00	2	1	8.32
3	0	2	37	2019-01-01 6:46:00	2	2	7.27
3	0	2	37	2019-01-01 6:46:00	2	3	13.65
3	0	2	0	2019-01-01 6:47:00	5	1	11.85
3	0	2	0	2019-01-01 6:47:00	5	2	8.93
3	0	2	0	2019-01-01 6:47:00	5	3	10.23
3	0	2	46	2019-01-01 6:48:00	1	1	8.32
3	0	2	46	2019-01-01 6:48:00	1	2	5.19
3	0	2	46	2019-01-01 6:48:00	1	3	10.23
3	0	2	0	2019-01-01 6:48:00	4	1	12.03
3	0	2	0	2019-01-01 6:48:00	4	2	7.6
3	0	2	0	2019-01-01 6:48:00	4	3	8.53
3	0	2	11	2019-01-01 6:49:00	4	1	9.86
3	0	2	11	2019-01-01 6:49:00	4	2	15.08
3	0	2	11	2019-01-01 6:49:00	4	3	8.53
3	0	2	36	2019-01-01 6:50:00	4	1	10.24
3	0	2	36	2019-01-01 6:50:00	4	2	6.85
3	0	2	36	2019-01-01 6:50:00	4	3	8.53
3	0	2	23	2019-01-01 6:51:00	5	1	12.3
3	0	2	23	2019-01-01 6:51:00	5	2	14.22
3	0	2	23	2019-01-01 6:51:00	5	3	11.79
3	0	2	16	2019-01-01 6:51:00	3	1	8.84
3	0	2	16	2019-01-01 6:51:00	3	2	7.94
3	0	2	16	2019-01-01 6:51:00	3	3	8.64
3	0	2	7	2019-01-01 6:52:00	1	1	8.45
3	0	2	7	2019-01-01 6:52:00	1	2	5.29
3	0	2	7	2019-01-01 6:52:00	1	3	8.64
3	0	2	21	2019-01-01 6:53:00	3	1	9.58
3	0	2	21	2019-01-01 6:53:00	3	2	6.21
3	0	2	21	2019-01-01 6:53:00	3	3	8.64
3	0	2	14	2019-01-01 6:53:00	3	1	9.76
3	0	2	14	2019-01-01 6:53:00	3	2	5.9
3	0	2	14	2019-01-01 6:53:00	3	3	10.22
3	0	2	5	2019-01-01 6:53:00	3	1	8.92
3	0	2	5	2019-01-01 6:53:00	3	2	22.83
3	0	2	5	2019-01-01 6:53:00	3	3	8.64
3	0	2	19	2019-01-01 6:53:00	5	1	11.96
3	0	2	19	2019-01-01 6:53:00	5	2	5.52
3	0	2	19	2019-01-01 6:53:00	5	3	10.22
3	0	2	0	2019-01-01 6:53:00	3	1	9
3	0	2	0	2019-01-01 6:53:00	3	2	6.94
3	0	2	0	2019-01-01 6:53:00	3	3	10.22
3	0	2	28	2019-01-01 6:54:00	3	1	9.86
3	0	2	28	2019-01-01 6:54:00	3	2	5.86
3	0	2	28	2019-01-01 6:54:00	3	3	12.1
3	0	2	2	2019-01-01 6:54:00	3	1	9.83
3	0	2	2	2019-01-01 6:54:00	3	2	5.67
3	0	2	2	2019-01-01 6:54:00	3	3	10.22
3	0	2	34	2019-01-01 6:54:00	3	1	10.55
3	0	2	34	2019-01-01 6:54:00	3	2	6.67
3	0	2	34	2019-01-01 6:54:00	3	3	8.64
3	0	2	0	2019-01-01 6:54:00	3	1	10.58
3	0	2	0	2019-01-01 6:54:00	3	2	5.86
3	0	2	0	2019-01-01 6:54:00	3	3	11.79
3	0	2	37	2019-01-01 6:55:00	2	1	8.45
3	0	2	37	2019-01-01 6:55:00	2	2	7.21
3	0	2	37	2019-01-01 6:55:00	2	3	13.36
3	0	2	0	2019-01-01 6:55:00	5	1	11.71
3	0	2	0	2019-01-01 6:55:00	5	2	8.75
3	0	2	0	2019-01-01 6:55:00	5	3	10.22
3	0	2	4	2019-01-01 6:55:00	3	1	10
3	0	2	4	2019-01-01 6:55:00	3	2	45.13
3	0	2	4	2019-01-01 6:55:00	3	3	10.22
3	0	2	29	2019-01-01 6:57:00	3	1	9.72
3	0	2	29	2019-01-01 6:57:00	3	2	5.87
3	0	2	29	2019-01-01 6:57:00	3	3	10.2
3	0	2	0	2019-01-01 6:57:00	4	1	11.74
3	0	2	0	2019-01-01 6:57:00	4	2	7.45
3	0	2	0	2019-01-01 6:57:00	4	3	8.74
3	0	2	23	2019-01-01 6:58:00	5	1	12.14
3	0	2	23	2019-01-01 6:58:00	5	2	13.69
3	0	2	23	2019-01-01 6:58:00	5	3	11.66
3	0	2	11	2019-01-01 6:59:00	4	1	9.88
3	0	2	11	2019-01-01 6:59:00	4	2	13.9
3	0	2	11	2019-01-01 6:59:00	4	3	8.74
3	0	2	46	2019-01-01 7:0:00	1	1	8.56
3	0	2	46	2019-01-01 7:0:00	1	2	5.37
3	0	2	46	2019-01-01 7:0:00	1	3	10.2
3	0	2	36	2019-01-01 7:0:00	4	1	10.2
3	0	2	36	2019-01-01 7:0:00	4	2	6.8
3	0	2	36	2019-01-01 7:0:00	4	3	8.74
3	0	2	19	2019-01-01 7:1:00	5	1	11.7
3	0	2	19	2019-01-01 7:1:00	5	2	5.64
3	0	2	19	2019-01-01 7:1:00	5	3	10.19
3	0	2	7	2019-01-01 7:2:00	1	1	8.65
3	0	2	7	2019-01-01 7:2:00	1	2	5.44
3	0	2	7	2019-01-01 7:2:00	1	3	8.83
3	0	2	0	2019-01-01 7:3:00	5	1	11.48
3	0	2	0	2019-01-01 7:3:00	5	2	8.46
3	0	2	0	2019-01-01 7:3:00	5	3	10.19
3	0	2	21	2019-01-01 7:3:00	3	1	9.64
3	0	2	21	2019-01-01 7:3:00	3	2	6.25
3	0	2	21	2019-01-01 7:3:00	3	3	8.83
3	0	2	14	2019-01-01 7:3:00	3	1	9.79
3	0	2	14	2019-01-01 7:3:00	3	2	5.98
3	0	2	14	2019-01-01 7:3:00	3	3	10.19
3	0	2	5	2019-01-01 7:3:00	3	1	9.06
3	0	2	5	2019-01-01 7:3:00	3	2	23.4
3	0	2	5	2019-01-01 7:3:00	3	3	8.83
3	0	2	16	2019-01-01 7:3:00	3	1	9
3	0	2	16	2019-01-01 7:3:00	3	2	7.76
3	0	2	16	2019-01-01 7:3:00	3	3	8.83
3	0	2	37	2019-01-01 7:4:00	2	1	8.65
3	0	2	37	2019-01-01 7:4:00	2	2	7.12
3	0	2	37	2019-01-01 7:4:00	2	3	12.9
3	0	2	0	2019-01-01 7:4:00	3	1	9.13
3	0	2	0	2019-01-01 7:4:00	3	2	6.89
3	0	2	0	2019-01-01 7:4:00	3	3	10.19
3	0	2	28	2019-01-01 7:5:00	3	1	9.88
3	0	2	28	2019-01-01 7:5:00	3	2	5.94
3	0	2	28	2019-01-01 7:5:00	3	3	11.82
3	0	2	2	2019-01-01 7:5:00	3	1	9.85
3	0	2	2	2019-01-01 7:5:00	3	2	5.78
3	0	2	2	2019-01-01 7:5:00	3	3	10.19
3	0	2	0	2019-01-01 7:5:00	3	1	10.5
3	0	2	0	2019-01-01 7:5:00	3	2	5.95
3	0	2	0	2019-01-01 7:5:00	3	3	11.54
3	0	2	34	2019-01-01 7:5:00	3	1	10.47
3	0	2	34	2019-01-01 7:5:00	3	2	6.65
3	0	2	34	2019-01-01 7:5:00	3	3	8.83
3	0	2	23	2019-01-01 7:5:00	5	1	12
3	0	2	23	2019-01-01 7:5:00	5	2	13.23
3	0	2	23	2019-01-01 7:5:00	5	3	11.54
3	0	2	4	2019-01-01 7:6:00	3	1	10
3	0	2	4	2019-01-01 7:6:00	3	2	47.02
3	0	2	4	2019-01-01 7:6:00	3	3	10.17
3	0	2	0	2019-01-01 7:7:00	4	1	11.52
3	0	2	0	2019-01-01 7:7:00	4	2	7.33
3	0	2	0	2019-01-01 7:7:00	4	3	8.9
3	0	2	19	2019-01-01 7:8:00	5	1	11.59
3	0	2	19	2019-01-01 7:8:00	5	2	5.7
3	0	2	19	2019-01-01 7:8:00	5	3	10.17
3	0	2	29	2019-01-01 7:8:00	3	1	9.75
3	0	2	29	2019-01-01 7:8:00	3	2	5.95
3	0	2	29	2019-01-01 7:8:00	3	3	10.17
3	0	2	11	2019-01-01 7:9:00	4	1	9.9
3	0	2	11	2019-01-01 7:9:00	4	2	13.01
3	0	2	11	2019-01-01 7:9:00	4	3	8.9
3	0	2	36	2019-01-01 7:10:00	4	1	10.18
3	0	2	36	2019-01-01 7:10:00	4	2	6.77
3	0	2	36	2019-01-01 7:10:00	4	3	8.9
3	0	2	0	2019-01-01 7:11:00	5	1	11.31
3	0	2	0	2019-01-01 7:11:00	5	2	8.24
3	0	2	0	2019-01-01 7:11:00	5	3	10.16
3	0	2	46	2019-01-01 7:11:00	1	1	8.81
3	0	2	46	2019-01-01 7:11:00	1	2	5.56
3	0	2	46	2019-01-01 7:11:00	1	3	10.16
3	0	2	23	2019-01-01 7:13:00	5	1	11.76
3	0	2	23	2019-01-01 7:13:00	5	2	12.46
3	0	2	23	2019-01-01 7:13:00	5	3	11.36
3	0	2	37	2019-01-01 7:13:00	2	1	8.81
3	0	2	37	2019-01-01 7:13:00	2	2	7.05
3	0	2	37	2019-01-01 7:13:00	2	3	12.55
3	0	2	7	2019-01-01 7:13:00	1	1	8.81
3	0	2	7	2019-01-01 7:13:00	1	2	5.56
3	0	2	7	2019-01-01 7:13:00	1	3	8.97
3	0	2	21	2019-01-01 7:13:00	3	1	9.68
3	0	2	21	2019-01-01 7:13:00	3	2	6.28
3	0	2	21	2019-01-01 7:13:00	3	3	8.97
3	0	2	5	2019-01-01 7:14:00	3	1	9.17
3	0	2	5	2019-01-01 7:14:00	3	2	23.83
3	0	2	5	2019-01-01 7:14:00	3	3	8.97
3	0	2	14	2019-01-01 7:14:00	3	1	9.81
3	0	2	14	2019-01-01 7:14:00	3	2	6.04
3	0	2	14	2019-01-01 7:14:00	3	3	10.16
3	0	2	0	2019-01-01 7:15:00	3	1	9.23
3	0	2	0	2019-01-01 7:15:00	3	2	6.84
3	0	2	0	2019-01-01 7:15:00	3	3	10.16
3	0	2	28	2019-01-01 7:15:00	3	1	9.89
3	0	2	28	2019-01-01 7:15:00	3	2	6.01
3	0	2	28	2019-01-01 7:15:00	3	3	11.6
3	0	2	2	2019-01-01 7:15:00	3	1	9.87
3	0	2	2	2019-01-01 7:15:00	3	2	5.86
3	0	2	2	2019-01-01 7:15:00	3	3	10.16
3	0	3	18	2019-01-01 6:9:00	1	1	12.44
3	0	3	18	2019-01-01 6:9:00	1	2	17.3
3	0	3	18	2019-01-01 6:9:00	1	3	10
3	0	3	13	2019-01-01 6:9:00	1	1	10.7
3	0	3	13	2019-01-01 6:9:00	1	2	6.7
3	0	3	13	2019-01-01 6:9:00	1	3	10
3	0	3	33	2019-01-01 6:9:00	1	1	15.07
3	0	3	33	2019-01-01 6:9:00	1	2	9.45
3	0	3	33	2019-01-01 6:9:00	1	3	10
3	0	3	30	2019-01-01 6:10:00	1	1	10.02
3	0	3	30	2019-01-01 6:10:00	1	2	32.29
3	0	3	30	2019-01-01 6:10:00	1	3	10
3	0	3	43	2019-01-01 6:11:00	1	1	10.4
3	0	3	43	2019-01-01 6:11:00	1	2	6.62
3	0	3	43	2019-01-01 6:11:00	1	3	8.18
3	0	3	1	2019-01-01 6:11:00	1	1	9.65
3	0	3	1	2019-01-01 6:11:00	1	2	6.99
3	0	3	1	2019-01-01 6:11:00	1	3	8.18
3	0	3	20	2019-01-01 6:11:00	1	1	10.21
3	0	3	20	2019-01-01 6:11:00	1	2	6.75
3	0	3	20	2019-01-01 6:11:00	1	3	8.18
3	0	3	10	2019-01-01 6:12:00	1	1	9.6
3	0	3	10	2019-01-01 6:12:00	1	2	5.69
3	0	3	10	2019-01-01 6:12:00	1	3	13.63
3	0	3	3	2019-01-01 6:13:00	1	1	9.28
3	0	3	3	2019-01-01 6:13:00	1	2	6.81
3	0	3	3	2019-01-01 6:13:00	1	3	13.63
3	0	3	18	2019-01-01 6:17:00	2	1	10.52
3	0	3	18	2019-01-01 6:17:00	2	2	13.24
3	0	3	18	2019-01-01 6:17:00	2	3	12.27
3	0	3	13	2019-01-01 6:17:00	2	1	9.95
3	0	3	13	2019-01-01 6:17:00	2	2	5.69
3	0	3	13	2019-01-01 6:17:00	2	3	12.27
3	0	3	33	2019-01-01 6:18:00	2	1	14.39
3	0	3	33	2019-01-01 6:18:00	2	2	8.02
3	0	3	33	2019-01-01 6:18:00	2	3	8.18
3	0	3	0	2019-01-01 6:20:00	2	1	9.64
3	0	3	0	2019-01-01 6:20:00	2	2	34.39
3	0	3	0	2019-01-01 6:20:00	2	3	8.18
3	0	3	0	2019-01-01 6:22:00	2	1	9.99
3	0	3	0	2019-01-01 6:22:00	2	2	6.44
3	0	3	0	2019-01-01 6:22:00	2	3	8.49
3	0	3	1	2019-01-01 6:22:00	2	1	10.01
3	0	3	1	2019-01-01 6:22:00	2	2	6.83
3	0	3	1	2019-01-01 6:22:00	2	3	8.49
3	0	3	20	2019-01-01 6:22:00	2	1	11.38
3	0	3	20	2019-01-01 6:22:00	2	2	7.73
3	0	3	20	2019-01-01 6:22:00	2	3	8.49
3	0	3	10	2019-01-01 6:24:00	2	1	10.13
3	0	3	10	2019-01-01 6:24:00	2	2	5.4
3	0	3	10	2019-01-01 6:24:00	2	3	14.72
3	0	3	0	2019-01-01 6:25:00	3	1	10.14
3	0	3	0	2019-01-01 6:25:00	3	2	12.15
3	0	3	0	2019-01-01 6:25:00	3	3	14.21
3	0	3	13	2019-01-01 6:25:00	3	1	9.93
3	0	3	13	2019-01-01 6:25:00	3	2	5.33
3	0	3	13	2019-01-01 6:25:00	3	3	11.05
3	0	3	33	2019-01-01 6:26:00	3	1	13.84
3	0	3	33	2019-01-01 6:26:00	3	2	8.02
3	0	3	33	2019-01-01 6:26:00	3	3	10.58
3	0	3	3	2019-01-01 6:26:00	2	1	8.52
3	0	3	3	2019-01-01 6:26:00	2	2	6.29
3	0	3	3	2019-01-01 6:26:00	2	3	10.58
3	0	3	0	2019-01-01 6:29:00	3	1	9.65
3	0	3	0	2019-01-01 6:29:00	3	2	32.88
3	0	3	0	2019-01-01 6:29:00	3	3	7.94
3	0	3	0	2019-01-01 6:32:00	3	1	9.84
3	0	3	0	2019-01-01 6:32:00	3	2	7.04
3	0	3	0	2019-01-01 6:32:00	3	3	7.97
3	0	3	0	2019-01-01 6:33:00	4	1	10.61
3	0	3	0	2019-01-01 6:33:00	4	2	13.29
3	0	3	0	2019-01-01 6:33:00	4	3	12.53
3	0	3	1	2019-01-01 6:33:00	3	1	9.89
3	0	3	1	2019-01-01 6:33:00	3	2	7
3	0	3	1	2019-01-01 6:33:00	3	3	10.25
3	0	3	20	2019-01-01 6:33:00	3	1	11.7
3	0	3	20	2019-01-01 6:33:00	3	2	7.68
3	0	3	20	2019-01-01 6:33:00	3	3	7.97
3	0	3	13	2019-01-01 6:33:00	4	1	9.23
3	0	3	13	2019-01-01 6:33:00	4	2	5.51
3	0	3	13	2019-01-01 6:33:00	4	3	10.25
3	0	3	0	2019-01-01 6:35:00	4	1	12.86
3	0	3	0	2019-01-01 6:35:00	4	2	7.45
3	0	3	0	2019-01-01 6:35:00	4	3	10.25
3	0	3	10	2019-01-01 6:36:00	3	1	9.32
3	0	3	10	2019-01-01 6:36:00	3	2	5.84
3	0	3	10	2019-01-01 6:36:00	3	3	12.27
3	0	3	0	2019-01-01 6:39:00	4	1	9.3
3	0	3	0	2019-01-01 6:39:00	4	2	29.24
3	0	3	0	2019-01-01 6:39:00	4	3	8.18
3	0	3	3	2019-01-01 6:39:00	2	1	8.39
3	0	3	3	2019-01-01 6:39:00	2	2	6.31
3	0	3	3	2019-01-01 6:39:00	2	3	10.22
3	0	3	0	2019-01-01 6:41:00	5	1	10.26
3	0	3	0	2019-01-01 6:41:00	5	2	12.73
3	0	3	0	2019-01-01 6:41:00	5	3	12.06
3	0	3	13	2019-01-01 6:42:00	4	1	9.37
3	0	3	13	2019-01-01 6:42:00	4	2	6.12
3	0	3	13	2019-01-01 6:42:00	4	3	10.2
3	0	3	0	2019-01-01 6:43:00	4	1	9.57
3	0	3	0	2019-01-01 6:43:00	4	2	7.32
3	0	3	0	2019-01-01 6:43:00	4	3	8.35
3	0	3	1	2019-01-01 6:43:00	4	1	9.75
3	0	3	1	2019-01-01 6:43:00	4	2	7.38
3	0	3	1	2019-01-01 6:43:00	4	3	10.2
3	0	3	0	2019-01-01 6:43:00	4	1	12.33
3	0	3	0	2019-01-01 6:43:00	4	2	7.8
3	0	3	0	2019-01-01 6:43:00	4	3	10.2
3	0	3	20	2019-01-01 6:44:00	4	1	11.38
3	0	3	20	2019-01-01 6:44:00	4	2	7.99
3	0	3	20	2019-01-01 6:44:00	4	3	8.35
3	0	3	10	2019-01-01 6:48:00	3	1	9.43
3	0	3	10	2019-01-01 6:48:00	3	2	6.37
3	0	3	10	2019-01-01 6:48:00	3	3	11.88
3	0	3	0	2019-01-01 6:48:00	4	1	9.42
3	0	3	0	2019-01-01 6:48:00	4	2	26.79
3	0	3	0	2019-01-01 6:48:00	4	3	8.49
3	0	3	0	2019-01-01 6:49:00	5	1	10.23
3	0	3	0	2019-01-01 6:49:00	5	2	12.55
3	0	3	0	2019-01-01 6:49:00	5	3	11.88
3	0	3	13	2019-01-01 6:50:00	4	1	9.42
3	0	3	13	2019-01-01 6:50:00	4	2	6.37
3	0	3	13	2019-01-01 6:50:00	4	3	10.18
3	0	3	0	2019-01-01 6:52:00	4	1	11.97
3	0	3	0	2019-01-01 6:52:00	4	2	8.06
3	0	3	0	2019-01-01 6:52:00	4	3	10.17
3	0	3	3	2019-01-01 6:52:00	2	1	8.77
3	0	3	3	2019-01-01 6:52:00	2	2	6.97
3	0	3	3	2019-01-01 6:52:00	2	3	10.17
3	0	3	0	2019-01-01 6:53:00	4	1	9.64
3	0	3	0	2019-01-01 6:53:00	4	2	7.64
3	0	3	0	2019-01-01 6:53:00	4	3	8.6
3	0	3	1	2019-01-01 6:54:00	4	1	9.79
3	0	3	1	2019-01-01 6:54:00	4	2	7.69
3	0	3	1	2019-01-01 6:54:00	4	3	10.17
3	0	3	20	2019-01-01 6:54:00	4	1	11.17
3	0	3	20	2019-01-01 6:54:00	4	2	8.23
3	0	3	20	2019-01-01 6:54:00	4	3	8.6
3	0	3	0	2019-01-01 6:57:00	5	1	10.2
3	0	3	0	2019-01-01 6:57:00	5	2	12.26
3	0	3	0	2019-01-01 6:57:00	5	3	11.61
3	0	3	0	2019-01-01 6:58:00	4	1	9.5
3	0	3	0	2019-01-01 6:58:00	4	2	24.89
3	0	3	0	2019-01-01 6:58:00	4	3	8.7
3	0	3	13	2019-01-01 6:58:00	4	1	9.5
3	0	3	13	2019-01-01 6:58:00	4	2	6.78
3	0	3	13	2019-01-01 6:58:00	4	3	10.16
3	0	3	10	2019-01-01 7:0:00	3	1	9.51
3	0	3	10	2019-01-01 7:0:00	3	2	6.78
3	0	3	10	2019-01-01 7:0:00	3	3	11.61
3	0	3	0	2019-01-01 7:0:00	4	1	11.83
3	0	3	0	2019-01-01 7:0:00	4	2	8.17
3	0	3	0	2019-01-01 7:0:00	4	3	10.16
3	0	3	0	2019-01-01 7:4:00	4	1	9.68
3	0	3	0	2019-01-01 7:4:00	4	2	7.89
3	0	3	0	2019-01-01 7:4:00	4	3	8.79
3	0	3	0	2019-01-01 7:5:00	5	1	10.19
3	0	3	0	2019-01-01 7:5:00	5	2	12.14
3	0	3	0	2019-01-01 7:5:00	5	3	11.5
3	0	3	1	2019-01-01 7:5:00	4	1	9.82
3	0	3	1	2019-01-01 7:5:00	4	2	7.94
3	0	3	1	2019-01-01 7:5:00	4	3	10.15
3	0	3	20	2019-01-01 7:5:00	4	1	11.01
3	0	3	20	2019-01-01 7:5:00	4	2	8.42
3	0	3	20	2019-01-01 7:5:00	4	3	8.79
3	0	3	3	2019-01-01 7:5:00	2	1	8.93
3	0	3	3	2019-01-01 7:5:00	2	2	7.29
3	0	3	3	2019-01-01 7:5:00	2	3	10.15
3	0	3	13	2019-01-01 7:6:00	4	1	9.57
3	0	3	13	2019-01-01 7:6:00	4	2	7.11
3	0	3	13	2019-01-01 7:6:00	4	3	10.14
3	0	3	0	2019-01-01 7:7:00	4	1	9.57
3	0	3	0	2019-01-01 7:7:00	4	2	23.38
3	0	3	0	2019-01-01 7:7:00	4	3	8.87
3	0	3	0	2019-01-01 7:9:00	4	1	11.6
3	0	3	0	2019-01-01 7:9:00	4	2	8.36
3	0	3	0	2019-01-01 7:9:00	4	3	10.14
3	0	3	10	2019-01-01 7:12:00	3	1	9.6
3	0	3	10	2019-01-01 7:12:00	3	2	7.25
3	0	3	10	2019-01-01 7:12:00	3	3	11.32
3	0	3	0	2019-01-01 7:13:00	5	1	10.16
3	0	3	0	2019-01-01 7:13:00	5	2	11.93
3	0	3	0	2019-01-01 7:13:00	5	3	11.32
3	0	3	0	2019-01-01 7:14:00	4	1	9.72
3	0	3	0	2019-01-01 7:14:00	4	2	8.1
3	0	3	0	2019-01-01 7:14:00	4	3	8.94
3	0	3	13	2019-01-01 7:14:00	4	1	9.59
3	0	3	13	2019-01-01 7:14:00	4	2	7.25
3	0	3	13	2019-01-01 7:14:00	4	3	10.13
3	0	3	1	2019-01-01 7:15:00	4	1	9.84
3	0	3	1	2019-01-01 7:15:00	4	2	8.14
3	0	3	1	2019-01-01 7:15:00	4	3	10.13
3	0	4	67	2019-01-01 2:8:00	1	1	14.04
3	0	4	67	2019-01-01 2:8:00	1	2	9.8
3	0	4	67	2019-01-01 2:8:00	1	3	10
3	0	4	65	2019-01-01 2:9:00	1	1	11.96
3	0	4	65	2019-01-01 2:9:00	1	2	9.8
3	0	4	65	2019-01-01 2:9:00	1	3	10
3	0	4	64	2019-01-01 2:9:00	1	1	13.71
3	0	4	64	2019-01-01 2:9:00	1	2	9.8
3	0	4	64	2019-01-01 2:9:00	1	3	10
3	0	4	65	2019-01-01 2:9:00	1	1	12.41
3	0	4	65	2019-01-01 2:9:00	1	2	9.8
3	0	4	65	2019-01-01 2:9:00	1	3	10
3	0	4	95	2019-01-01 2:10:00	1	1	11.36
3	0	4	95	2019-01-01 2:10:00	1	2	11.65
3	0	4	95	2019-01-01 2:10:00	1	3	10
3	0	4	99	2019-01-01 2:10:00	1	1	11.24
3	0	4	99	2019-01-01 2:10:00	1	2	19.52
3	0	4	99	2019-01-01 2:10:00	1	3	10
3	0	4	78	2019-01-01 2:10:00	1	1	11.12
3	0	4	78	2019-01-01 2:10:00	1	2	14.59
3	0	4	78	2019-01-01 2:10:00	1	3	10
3	0	4	99	2019-01-01 2:10:00	1	1	10.29
3	0	4	99	2019-01-01 2:10:00	1	2	20.27
3	0	4	99	2019-01-01 2:10:00	1	3	10
3	0	4	88	2019-01-01 2:10:00	1	1	10.22
3	0	4	88	2019-01-01 2:10:00	1	2	9.89
3	0	4	88	2019-01-01 2:10:00	1	3	10
3	0	4	71	2019-01-01 2:11:00	1	1	11.48
3	0	4	71	2019-01-01 2:11:00	1	2	8.58
3	0	4	71	2019-01-01 2:11:00	1	3	9.37
3	0	4	75	2019-01-01 2:11:00	1	1	9.83
3	0	4	75	2019-01-01 2:11:00	1	2	10
3	0	4	75	2019-01-01 2:11:00	1	3	9.37
3	0	4	94	2019-01-01 2:11:00	1	1	10.07
3	0	4	94	2019-01-01 2:11:00	1	2	8.4
3	0	4	94	2019-01-01 2:11:00	1	3	9.37
3	0	4	71	2019-01-01 2:11:00	1	1	8.88
3	0	4	71	2019-01-01 2:11:00	1	2	8.66
3	0	4	71	2019-01-01 2:11:00	1	3	9.37
3	0	4	76	2019-01-01 2:11:00	1	1	9.64
3	0	4	76	2019-01-01 2:11:00	1	2	9.64
3	0	4	76	2019-01-01 2:11:00	1	3	8.1
3	0	4	77	2019-01-01 2:11:00	1	1	10.53
3	0	4	77	2019-01-01 2:11:00	1	2	8.35
3	0	4	77	2019-01-01 2:11:00	1	3	8.1
3	0	4	76	2019-01-01 2:11:00	1	1	10.43
3	0	4	76	2019-01-01 2:11:00	1	2	9.54
3	0	4	76	2019-01-01 2:11:00	1	3	7.89
3	0	4	69	2019-01-01 2:11:00	1	1	10.34
3	0	4	69	2019-01-01 2:11:00	1	2	8.35
3	0	4	69	2019-01-01 2:11:00	1	3	7.14
3	0	4	68	2019-01-01 2:11:00	1	1	10.25
3	0	4	68	2019-01-01 2:11:00	1	2	8.43
3	0	4	68	2019-01-01 2:11:00	1	3	11.9
3	0	4	70	2019-01-01 2:11:00	1	1	9.39
3	0	4	70	2019-01-01 2:11:00	1	2	8.48
3	0	4	70	2019-01-01 2:11:00	1	3	7.14
3	0	4	67	2019-01-01 2:16:00	2	1	12.7
3	0	4	67	2019-01-01 2:16:00	2	2	7.66
3	0	4	67	2019-01-01 2:16:00	2	3	11.32
3	0	4	65	2019-01-01 2:17:00	2	1	10.89
3	0	4	65	2019-01-01 2:17:00	2	2	7.66
3	0	4	65	2019-01-01 2:17:00	2	3	7.54
3	0	4	64	2019-01-01 2:17:00	2	1	12.56
3	0	4	64	2019-01-01 2:17:00	2	2	7.82
3	0	4	64	2019-01-01 2:17:00	2	3	11.32
3	0	4	65	2019-01-01 2:17:00	2	1	11.13
3	0	4	65	2019-01-01 2:17:00	2	2	7.66
3	0	4	65	2019-01-01 2:17:00	2	3	15.09
3	0	4	95	2019-01-01 2:19:00	2	1	10.21
3	0	4	95	2019-01-01 2:19:00	2	2	10.65
3	0	4	95	2019-01-01 2:19:00	2	3	11.32
3	0	4	78	2019-01-01 2:19:00	2	1	10.79
3	0	4	78	2019-01-01 2:19:00	2	2	16.3
3	0	4	78	2019-01-01 2:19:00	2	3	7.54
3	0	4	99	2019-01-01 2:20:00	2	1	10.36
3	0	4	99	2019-01-01 2:20:00	2	2	26.6
3	0	4	99	2019-01-01 2:20:00	2	3	11.32
3	0	4	88	2019-01-01 2:20:00	2	1	9.7
3	0	4	88	2019-01-01 2:20:00	2	2	9.25
3	0	4	88	2019-01-01 2:20:00	2	3	7.54
3	0	4	79	2019-01-01 2:21:00	2	1	10.22
3	0	4	79	2019-01-01 2:21:00	2	2	8.24
3	0	4	79	2019-01-01 2:21:00	2	3	7.93
3	0	4	71	2019-01-01 2:21:00	2	1	10.11
3	0	4	71	2019-01-01 2:21:00	2	2	8.23
3	0	4	71	2019-01-01 2:21:00	2	3	11.11
3	0	4	75	2019-01-01 2:21:00	2	1	9.18
3	0	4	75	2019-01-01 2:21:00	2	2	10.04
3	0	4	75	2019-01-01 2:21:00	2	3	11.11
3	0	4	71	2019-01-01 2:21:00	2	1	8.65
3	0	4	71	2019-01-01 2:21:00	2	2	10.02
3	0	4	71	2019-01-01 2:21:00	2	3	11.11
3	0	4	76	2019-01-01 2:22:00	2	1	9.11
3	0	4	76	2019-01-01 2:22:00	2	2	8.85
3	0	4	76	2019-01-01 2:22:00	2	3	7.93
3	0	4	76	2019-01-01 2:22:00	2	1	10.67
3	0	4	76	2019-01-01 2:22:00	2	2	9.5
3	0	4	76	2019-01-01 2:22:00	2	3	11.11
3	0	4	77	2019-01-01 2:22:00	2	1	9.64
3	0	4	77	2019-01-01 2:22:00	2	2	8.77
3	0	4	77	2019-01-01 2:22:00	2	3	7.93
3	0	4	68	2019-01-01 2:22:00	2	1	9.64
3	0	4	68	2019-01-01 2:22:00	2	2	9.18
3	0	4	68	2019-01-01 2:22:00	2	3	11.11
3	0	4	69	2019-01-01 2:22:00	2	1	9.64
3	0	4	69	2019-01-01 2:22:00	2	2	7.68
3	0	4	69	2019-01-01 2:22:00	2	3	7.93
3	0	4	70	2019-01-01 2:22:00	2	1	9.14
3	0	4	70	2019-01-01 2:22:00	2	2	7.67
3	0	4	70	2019-01-01 2:22:00	2	3	7.93
3	0	4	67	2019-01-01 2:24:00	3	1	12.39
3	0	4	67	2019-01-01 2:24:00	3	2	7.11
3	0	4	67	2019-01-01 2:24:00	3	3	11.11
3	0	4	65	2019-01-01 2:25:00	3	1	10.66
3	0	4	65	2019-01-01 2:25:00	3	2	7.11
3	0	4	65	2019-01-01 2:25:00	3	3	7.93
3	0	4	65	2019-01-01 2:25:00	3	1	11.72
3	0	4	65	2019-01-01 2:25:00	3	2	7.11
3	0	4	65	2019-01-01 2:25:00	3	3	14.28
3	0	4	95	2019-01-01 2:28:00	3	1	10.19
3	0	4	95	2019-01-01 2:28:00	3	2	10.44
3	0	4	95	2019-01-01 2:28:00	3	3	9.19
3	0	4	78	2019-01-01 2:29:00	3	1	10.6
3	0	4	78	2019-01-01 2:29:00	3	2	16.1
3	0	4	78	2019-01-01 2:29:00	3	3	9.19
3	0	4	99	2019-01-01 2:29:00	3	1	10.34
3	0	4	99	2019-01-01 2:29:00	3	2	29.17
3	0	4	99	2019-01-01 2:29:00	3	3	11.49
3	0	4	88	2019-01-01 2:29:00	3	1	10.46
3	0	4	88	2019-01-01 2:29:00	3	2	9.49
3	0	4	88	2019-01-01 2:29:00	3	3	6.89
3	0	4	79	2019-01-01 2:31:00	3	1	10.69
3	0	4	79	2019-01-01 2:31:00	3	2	8.9
3	0	4	79	2019-01-01 2:31:00	3	3	9.18
3	0	4	75	2019-01-01 2:31:00	3	1	9.9
3	0	4	75	2019-01-01 2:31:00	3	2	10.15
3	0	4	75	2019-01-01 2:31:00	3	3	9.18
3	0	4	71	2019-01-01 2:31:00	3	1	10.52
3	0	4	71	2019-01-01 2:31:00	3	2	8.14
3	0	4	71	2019-01-01 2:31:00	3	3	13.26
3	0	4	94	2019-01-01 2:31:00	3	1	10.67
3	0	4	94	2019-01-01 2:31:00	3	2	9.86
3	0	4	94	2019-01-01 2:31:00	3	3	9.18
3	0	4	71	2019-01-01 2:32:00	3	1	9.4
3	0	4	71	2019-01-01 2:32:00	3	2	10.61
3	0	4	71	2019-01-01 2:32:00	3	3	9.18
3	0	4	67	2019-01-01 2:32:00	4	1	12.31
3	0	4	67	2019-01-01 2:32:00	4	2	7
3	0	4	67	2019-01-01 2:32:00	4	3	11.22
3	0	4	76	2019-01-01 2:32:00	3	1	9.52
3	0	4	76	2019-01-01 2:32:00	3	2	10.17
3	0	4	76	2019-01-01 2:32:00	3	3	9.18
3	0	4	76	2019-01-01 2:32:00	3	1	11.25
3	0	4	76	2019-01-01 2:32:00	3	2	9.91
3	0	4	76	2019-01-01 2:32:00	3	3	11.22
3	0	4	77	2019-01-01 2:32:00	3	1	10.46
3	0	4	77	2019-01-01 2:32:00	3	2	9.48
3	0	4	77	2019-01-01 2:32:00	3	3	9.18
3	0	4	65	2019-01-01 2:33:00	4	1	11.34
3	0	4	65	2019-01-01 2:33:00	4	2	6.94
3	0	4	65	2019-01-01 2:33:00	4	3	9.18
3	0	4	64	2019-01-01 2:33:00	4	1	13.08
3	0	4	64	2019-01-01 2:33:00	4	2	7.1
3	0	4	64	2019-01-01 2:33:00	4	3	11.22
3	0	4	68	2019-01-01 2:33:00	3	1	10.22
3	0	4	68	2019-01-01 2:33:00	3	2	9.29
3	0	4	68	2019-01-01 2:33:00	3	3	11.22
3	0	4	69	2019-01-01 2:33:00	3	1	8.86
3	0	4	69	2019-01-01 2:33:00	3	2	7.49
3	0	4	69	2019-01-01 2:33:00	3	3	9.18
3	0	4	65	2019-01-01 2:33:00	4	1	11.78
3	0	4	65	2019-01-01 2:33:00	4	2	7.36
3	0	4	65	2019-01-01 2:33:00	4	3	11.22
3	0	4	70	2019-01-01 2:33:00	3	1	9.63
3	0	4	70	2019-01-01 2:33:00	3	2	7.41
3	0	4	70	2019-01-01 2:33:00	3	3	11.22
3	0	4	95	2019-01-01 2:38:00	4	1	9.59
3	0	4	95	2019-01-01 2:38:00	4	2	10.54
3	0	4	95	2019-01-01 2:38:00	4	3	10.43
3	0	4	78	2019-01-01 2:38:00	4	1	10.33
3	0	4	78	2019-01-01 2:38:00	4	2	14.36
3	0	4	78	2019-01-01 2:38:00	4	3	8.69
3	0	4	88	2019-01-01 2:39:00	4	1	9.55
3	0	4	88	2019-01-01 2:39:00	4	2	10.19
3	0	4	88	2019-01-01 2:39:00	4	3	6.95
3	0	4	67	2019-01-01 2:40:00	5	1	11.61
3	0	4	67	2019-01-01 2:40:00	5	2	6.98
3	0	4	67	2019-01-01 2:40:00	5	3	12.17
3	0	4	65	2019-01-01 2:41:00	5	1	11.17
3	0	4	65	2019-01-01 2:41:00	5	2	7.42
3	0	4	65	2019-01-01 2:41:00	5	3	8.73
3	0	4	64	2019-01-01 2:41:00	5	1	12.96
3	0	4	64	2019-01-01 2:41:00	5	2	7.3
3	0	4	64	2019-01-01 2:41:00	5	3	11.9
3	0	4	79	2019-01-01 2:41:00	4	1	10.06
3	0	4	79	2019-01-01 2:41:00	4	2	9.67
3	0	4	79	2019-01-01 2:41:00	4	3	8.73
3	0	4	75	2019-01-01 2:41:00	4	1	9.5
3	0	4	75	2019-01-01 2:41:00	4	2	10.48
3	0	4	75	2019-01-01 2:41:00	4	3	10.31
3	0	4	65	2019-01-01 2:41:00	5	1	11.38
3	0	4	65	2019-01-01 2:41:00	5	2	7.82
3	0	4	65	2019-01-01 2:41:00	5	3	10.15
3	0	4	71	2019-01-01 2:42:00	4	1	10.52
3	0	4	71	2019-01-01 2:42:00	4	2	8.32
3	0	4	71	2019-01-01 2:42:00	4	3	11.71
3	0	4	94	2019-01-01 2:42:00	4	1	10.08
3	0	4	94	2019-01-01 2:42:00	4	2	9.98
3	0	4	94	2019-01-01 2:42:00	4	3	10.15
3	0	4	71	2019-01-01 2:42:00	4	1	9.63
3	0	4	71	2019-01-01 2:42:00	4	2	11.55
3	0	4	71	2019-01-01 2:42:00	4	3	10
3	0	4	76	2019-01-01 2:43:00	4	1	11.09
3	0	4	76	2019-01-01 2:43:00	4	2	10.83
3	0	4	76	2019-01-01 2:43:00	4	3	9.92
3	0	4	76	2019-01-01 2:43:00	4	1	9.58
3	0	4	76	2019-01-01 2:43:00	4	2	9.93
3	0	4	76	2019-01-01 2:43:00	4	3	9.92
3	0	4	77	2019-01-01 2:43:00	4	1	10.36
3	0	4	77	2019-01-01 2:43:00	4	2	9.62
3	0	4	77	2019-01-01 2:43:00	4	3	9.92
3	0	4	68	2019-01-01 2:44:00	4	1	9.71
3	0	4	68	2019-01-01 2:44:00	4	2	9.34
3	0	4	68	2019-01-01 2:44:00	4	3	11.45
3	0	4	69	2019-01-01 2:44:00	4	1	8.92
3	0	4	69	2019-01-01 2:44:00	4	2	7.59
3	0	4	69	2019-01-01 2:44:00	4	3	8.39
3	0	4	70	2019-01-01 2:44:00	4	1	9.61
3	0	4	70	2019-01-01 2:44:00	4	2	7.49
3	0	4	70	2019-01-01 2:44:00	4	3	9.92
3	0	4	95	2019-01-01 2:47:00	5	1	9.58
3	0	4	95	2019-01-01 2:47:00	5	2	10.89
3	0	4	95	2019-01-01 2:47:00	5	3	9.92
3	0	4	67	2019-01-01 2:48:00	6	1	11.38
3	0	4	67	2019-01-01 2:48:00	6	2	7.13
3	0	4	67	2019-01-01 2:48:00	6	3	11.34
3	0	4	78	2019-01-01 2:48:00	5	1	10.17
3	0	4	78	2019-01-01 2:48:00	5	2	14.01
3	0	4	78	2019-01-01 2:48:00	5	3	9.92
3	0	4	88	2019-01-01 2:48:00	5	1	9.53
3	0	4	88	2019-01-01 2:48:00	5	2	9.95
3	0	4	88	2019-01-01 2:48:00	5	3	7.09
3	0	4	65	2019-01-01 2:49:00	6	1	11.12
3	0	4	65	2019-01-01 2:49:00	6	2	7.39
3	0	4	65	2019-01-01 2:49:00	6	3	8.51
3	0	4	64	2019-01-01 2:49:00	6	1	12.7
3	0	4	64	2019-01-01 2:49:00	6	2	7.39
3	0	4	64	2019-01-01 2:49:00	6	3	12.76
3	0	4	65	2019-01-01 2:49:00	6	1	11.31
3	0	4	65	2019-01-01 2:49:00	6	2	7.79
3	0	4	65	2019-01-01 2:49:00	6	3	11.34
3	0	4	79	2019-01-01 2:51:00	5	1	9.95
3	0	4	79	2019-01-01 2:51:00	5	2	10.09
3	0	4	79	2019-01-01 2:51:00	5	3	8.49
3	0	4	75	2019-01-01 2:51:00	5	1	9.71
3	0	4	75	2019-01-01 2:51:00	5	2	11.19
3	0	4	75	2019-01-01 2:51:00	5	3	9.8
3	0	4	94	2019-01-01 2:52:00	5	1	10.35
3	0	4	94	2019-01-01 2:52:00	5	2	9.86
3	0	4	94	2019-01-01 2:52:00	5	3	9.8
3	0	4	71	2019-01-01 2:53:00	5	1	9.84
3	0	4	71	2019-01-01 2:53:00	5	2	11.18
3	0	4	71	2019-01-01 2:53:00	5	3	9.8
3	0	4	76	2019-01-01 2:53:00	5	1	11.05
3	0	4	76	2019-01-01 2:53:00	5	2	10.54
3	0	4	76	2019-01-01 2:53:00	5	3	9.8
3	0	4	76	2019-01-01 2:53:00	5	1	9.81
3	0	4	76	2019-01-01 2:53:00	5	2	10.1
3	0	4	76	2019-01-01 2:53:00	5	3	11.11
3	0	4	77	2019-01-01 2:53:00	5	1	10.46
3	0	4	77	2019-01-01 2:53:00	5	2	9.81
3	0	4	77	2019-01-01 2:53:00	5	3	9.8
3	0	4	68	2019-01-01 2:54:00	5	1	10.62
3	0	4	68	2019-01-01 2:54:00	5	2	9.58
3	0	4	68	2019-01-01 2:54:00	5	3	11.11
3	0	4	69	2019-01-01 2:55:00	5	1	9.04
3	0	4	69	2019-01-01 2:55:00	5	2	7.82
3	0	4	69	2019-01-01 2:55:00	5	3	8.49
3	0	4	67	2019-01-01 2:55:00	7	1	11.83
3	0	4	67	2019-01-01 2:55:00	7	2	7.18
3	0	4	67	2019-01-01 2:55:00	7	3	11.11
3	0	4	70	2019-01-01 2:56:00	5	1	10.05
3	0	4	70	2019-01-01 2:56:00	5	2	7.83
3	0	4	70	2019-01-01 2:56:00	5	3	9.81
3	0	4	95	2019-01-01 2:56:00	6	1	9.9
3	0	4	95	2019-01-01 2:56:00	6	2	11.09
3	0	4	95	2019-01-01 2:56:00	6	3	9.81
3	0	4	65	2019-01-01 2:57:00	7	1	10.96
3	0	4	65	2019-01-01 2:57:00	7	2	7.57
3	0	4	65	2019-01-01 2:57:00	7	3	8.58
3	0	4	64	2019-01-01 2:57:00	7	1	12.26
3	0	4	64	2019-01-01 2:57:00	7	2	7.57
3	0	4	64	2019-01-01 2:57:00	7	3	12.26
3	0	4	78	2019-01-01 2:57:00	6	1	10.48
3	0	4	78	2019-01-01 2:57:00	6	2	14.23
3	0	4	78	2019-01-01 2:57:00	6	3	9.63
3	0	4	65	2019-01-01 2:58:00	7	1	11.74
3	0	4	65	2019-01-01 2:58:00	7	2	7.89
3	0	4	65	2019-01-01 2:58:00	7	3	10.84
3	0	4	88	2019-01-01 2:58:00	6	1	10.04
3	0	4	88	2019-01-01 2:58:00	6	2	9.93
3	0	4	88	2019-01-01 2:58:00	6	3	8.43
3	0	4	79	2019-01-01 3:1:00	6	1	10.37
3	0	4	79	2019-01-01 3:1:00	6	2	10.02
3	0	4	79	2019-01-01 3:1:00	6	3	8.47
3	0	4	75	2019-01-01 3:2:00	6	1	9.28
3	0	4	75	2019-01-01 3:2:00	6	2	11.28
3	0	4	75	2019-01-01 3:2:00	6	3	9.6
3	0	4	94	2019-01-01 3:2:00	6	1	9.9
3	0	4	94	2019-01-01 3:2:00	6	2	9.79
3	0	4	94	2019-01-01 3:2:00	6	3	9.6
3	0	4	67	2019-01-01 3:3:00	8	1	11.39
3	0	4	67	2019-01-01 3:3:00	8	2	7.43
3	0	4	67	2019-01-01 3:3:00	8	3	10.73
3	0	4	71	2019-01-01 3:3:00	6	1	9.42
3	0	4	71	2019-01-01 3:3:00	6	2	11.26
3	0	4	71	2019-01-01 3:3:00	6	3	10.73
3	0	4	76	2019-01-01 3:4:00	6	1	9.44
3	0	4	76	2019-01-01 3:4:00	6	2	10.28
3	0	4	76	2019-01-01 3:4:00	6	3	10.73
3	0	4	76	2019-01-01 3:4:00	6	1	10.45
3	0	4	76	2019-01-01 3:4:00	6	2	10.36
3	0	4	76	2019-01-01 3:4:00	6	3	9.6
3	0	4	77	2019-01-01 3:4:00	6	1	10.56
3	0	4	77	2019-01-01 3:4:00	6	2	9.77
3	0	4	77	2019-01-01 3:4:00	6	3	9.6
3	0	4	65	2019-01-01 3:5:00	8	1	11.32
3	0	4	65	2019-01-01 3:5:00	8	2	7.63
3	0	4	65	2019-01-01 3:5:00	8	3	8.47
3	0	4	64	2019-01-01 3:5:00	8	1	12.48
3	0	4	64	2019-01-01 3:5:00	8	2	7.63
3	0	4	64	2019-01-01 3:5:00	8	3	11.86
3	0	4	68	2019-01-01 3:5:00	6	1	10.64
3	0	4	68	2019-01-01 3:5:00	6	2	9.62
3	0	4	68	2019-01-01 3:5:00	6	3	10.73
3	0	4	65	2019-01-01 3:6:00	8	1	12.02
3	0	4	65	2019-01-01 3:6:00	8	2	8.05
3	0	4	65	2019-01-01 3:6:00	8	3	10.69
3	0	4	95	2019-01-01 3:6:00	7	1	9.94
3	0	4	95	2019-01-01 3:6:00	7	2	11.26
3	0	4	95	2019-01-01 3:6:00	7	3	9.62
3	0	4	70	2019-01-01 3:6:00	6	1	9.63
3	0	4	70	2019-01-01 3:6:00	6	2	8.01
3	0	4	70	2019-01-01 3:6:00	6	3	10.69
3	0	4	78	2019-01-01 3:7:00	7	1	10.08
3	0	4	78	2019-01-01 3:7:00	7	2	13.82
3	0	4	78	2019-01-01 3:7:00	7	3	9.62
3	0	4	88	2019-01-01 3:8:00	7	1	9.8
3	0	4	88	2019-01-01 3:8:00	7	2	9.99
3	0	4	88	2019-01-01 3:8:00	7	3	8.51
3	0	4	67	2019-01-01 3:11:00	9	1	11.63
3	0	4	67	2019-01-01 3:11:00	9	2	7.63
3	0	4	67	2019-01-01 3:11:00	9	3	10.5
3	0	4	79	2019-01-01 3:12:00	7	1	10.6
3	0	4	79	2019-01-01 3:12:00	7	2	9.98
3	0	4	79	2019-01-01 3:12:00	7	3	8.5
3	0	4	75	2019-01-01 3:12:00	7	1	9.63
3	0	4	75	2019-01-01 3:12:00	7	2	11.16
3	0	4	75	2019-01-01 3:12:00	7	3	10.5
3	0	4	94	2019-01-01 3:12:00	7	1	10.19
3	0	4	94	2019-01-01 3:12:00	7	2	9.78
3	0	4	94	2019-01-01 3:12:00	7	3	9.5
3	0	4	64	2019-01-01 3:13:00	9	1	12.32
3	0	4	64	2019-01-01 3:13:00	9	2	7.82
3	0	4	64	2019-01-01 3:13:00	9	3	11.44
3	0	4	65	2019-01-01 3:13:00	9	1	11.49
3	0	4	65	2019-01-01 3:13:00	9	2	7.82
3	0	4	65	2019-01-01 3:13:00	9	3	8.45
3	0	4	71	2019-01-01 3:13:00	7	1	9.66
3	0	4	71	2019-01-01 3:13:00	7	2	11.38
3	0	4	71	2019-01-01 3:13:00	7	3	10.44
3	0	4	65	2019-01-01 3:14:00	9	1	12.25
3	0	4	65	2019-01-01 3:14:00	9	2	8.09
3	0	4	65	2019-01-01 3:14:00	9	3	10.44
3	0	4	76	2019-01-01 3:14:00	7	1	9.62
3	0	4	76	2019-01-01 3:14:00	7	2	10.24
3	0	4	76	2019-01-01 3:14:00	7	3	10.44
3	0	4	76	2019-01-01 3:14:00	7	1	10.46
3	0	4	76	2019-01-01 3:14:00	7	2	10.54
3	0	4	76	2019-01-01 3:14:00	7	3	9.45
3	0	4	77	2019-01-01 3:15:00	7	1	10.55
3	0	4	77	2019-01-01 3:15:00	7	2	10
3	0	4	77	2019-01-01 3:15:00	7	3	9.45
3	0	4	95	2019-01-01 3:15:00	8	1	10.14
3	0	4	95	2019-01-01 3:15:00	8	2	11.28
3	0	4	95	2019-01-01 3:15:00	8	3	9.45
3	0	5	98	2019-01-01 2:8:00	1	1	12.56
3	0	5	98	2019-01-01 2:8:00	1	2	9.38
3	0	5	98	2019-01-01 2:8:00	1	3	10
3	0	5	85	2019-01-01 2:8:00	1	1	13.84
3	0	5	85	2019-01-01 2:8:00	1	2	9.38
3	0	5	85	2019-01-01 2:8:00	1	3	10
3	0	5	85	2019-01-01 2:9:00	1	1	11.79
3	0	5	85	2019-01-01 2:9:00	1	2	9.74
3	0	5	85	2019-01-01 2:9:00	1	3	10
3	0	5	86	2019-01-01 2:9:00	1	1	13.51
3	0	5	86	2019-01-01 2:9:00	1	2	13.46
3	0	5	86	2019-01-01 2:9:00	1	3	10
3	0	5	91	2019-01-01 2:9:00	1	1	11.52
3	0	5	91	2019-01-01 2:9:00	1	2	11.46
3	0	5	91	2019-01-01 2:9:00	1	3	10
3	0	5	84	2019-01-01 2:10:00	1	1	10.52
3	0	5	84	2019-01-01 2:10:00	1	2	18.9
3	0	5	84	2019-01-01 2:10:00	1	3	10
3	0	5	95	2019-01-01 2:10:00	1	1	10.45
3	0	5	95	2019-01-01 2:10:00	1	2	12.08
3	0	5	95	2019-01-01 2:10:00	1	3	10
3	0	5	88	2019-01-01 2:10:00	1	1	10.38
3	0	5	88	2019-01-01 2:10:00	1	2	9.94
3	0	5	88	2019-01-01 2:10:00	1	3	10
3	0	5	99	2019-01-01 2:10:00	1	1	10.31
3	0	5	99	2019-01-01 2:10:00	1	2	17.58
3	0	5	99	2019-01-01 2:10:00	1	3	10
3	0	5	95	2019-01-01 2:10:00	1	1	8.96
3	0	5	95	2019-01-01 2:10:00	1	2	10.94
3	0	5	95	2019-01-01 2:10:00	1	3	10
3	0	5	90	2019-01-01 2:10:00	1	1	8.96
3	0	5	90	2019-01-01 2:10:00	1	2	10.48
3	0	5	90	2019-01-01 2:10:00	1	3	10
3	0	5	89	2019-01-01 2:10:00	1	1	10.91
3	0	5	89	2019-01-01 2:10:00	1	2	8.44
3	0	5	89	2019-01-01 2:10:00	1	3	10
3	0	5	96	2019-01-01 2:11:00	1	1	9.16
3	0	5	96	2019-01-01 2:11:00	1	2	10.39
3	0	5	96	2019-01-01 2:11:00	1	3	10
3	0	5	90	2019-01-01 2:11:00	1	1	9.16
3	0	5	90	2019-01-01 2:11:00	1	2	8.56
3	0	5	90	2019-01-01 2:11:00	1	3	10
3	0	5	83	2019-01-01 2:11:00	1	1	11.51
3	0	5	83	2019-01-01 2:11:00	1	2	8.54
3	0	5	83	2019-01-01 2:11:00	1	3	10
3	0	5	100	2019-01-01 2:11:00	1	1	10.11
3	0	5	100	2019-01-01 2:11:00	1	2	9.55
3	0	5	100	2019-01-01 2:11:00	1	3	10
3	0	5	93	2019-01-01 2:11:00	1	1	10.06
3	0	5	93	2019-01-01 2:11:00	1	2	9.14
3	0	5	93	2019-01-01 2:11:00	1	3	8.33
3	0	5	97	2019-01-01 2:11:00	1	1	10
3	0	5	97	2019-01-01 2:11:00	1	2	8.42
3	0	5	97	2019-01-01 2:11:00	1	3	13.51
3	0	5	87	2019-01-01 2:11:00	1	1	9.95
3	0	5	87	2019-01-01 2:11:00	1	2	14.69
3	0	5	87	2019-01-01 2:11:00	1	3	8.1
3	0	5	94	2019-01-01 2:12:00	1	1	10.54
3	0	5	94	2019-01-01 2:12:00	1	2	9.28
3	0	5	94	2019-01-01 2:12:00	1	3	7.31
3	0	5	85	2019-01-01 2:16:00	2	1	14.97
3	0	5	85	2019-01-01 2:16:00	2	2	8.94
3	0	5	85	2019-01-01 2:16:00	2	3	15.38
3	0	5	98	2019-01-01 2:17:00	2	1	10.72
3	0	5	98	2019-01-01 2:17:00	2	2	7.57
3	0	5	98	2019-01-01 2:17:00	2	3	15.09
3	0	5	85	2019-01-01 2:17:00	2	1	10.7
3	0	5	85	2019-01-01 2:17:00	2	2	9.39
3	0	5	85	2019-01-01 2:17:00	2	3	11.32
3	0	5	86	2019-01-01 2:17:00	2	1	11.98
3	0	5	86	2019-01-01 2:17:00	2	2	11.35
3	0	5	86	2019-01-01 2:17:00	2	3	7.54
3	0	5	84	2019-01-01 2:18:00	2	1	9.34
3	0	5	84	2019-01-01 2:18:00	2	2	21.25
3	0	5	84	2019-01-01 2:18:00	2	3	11.32
3	0	5	99	2019-01-01 2:19:00	2	1	9.34
3	0	5	99	2019-01-01 2:19:00	2	2	20.02
3	0	5	99	2019-01-01 2:19:00	2	3	11.32
3	0	5	89	2019-01-01 2:20:00	2	1	9.69
3	0	5	89	2019-01-01 2:20:00	2	2	7.69
3	0	5	89	2019-01-01 2:20:00	2	3	11.32
3	0	5	95	2019-01-01 2:20:00	2	1	8.69
3	0	5	95	2019-01-01 2:20:00	2	2	10.51
3	0	5	95	2019-01-01 2:20:00	2	3	11.32
3	0	5	90	2019-01-01 2:20:00	2	1	8.69
3	0	5	90	2019-01-01 2:20:00	2	2	8.62
3	0	5	90	2019-01-01 2:20:00	2	3	11.32
3	0	5	96	2019-01-01 2:20:00	2	1	8.69
3	0	5	96	2019-01-01 2:20:00	2	2	9.46
3	0	5	96	2019-01-01 2:20:00	2	3	7.54
3	0	5	90	2019-01-01 2:21:00	2	1	9.29
3	0	5	90	2019-01-01 2:21:00	2	2	8.19
3	0	5	90	2019-01-01 2:21:00	2	3	7.93
3	0	5	100	2019-01-01 2:21:00	2	1	9.91
3	0	5	100	2019-01-01 2:21:00	2	2	8.52
3	0	5	100	2019-01-01 2:21:00	2	3	11.11
3	0	5	83	2019-01-01 2:21:00	2	1	10.66
3	0	5	83	2019-01-01 2:21:00	2	2	8.6
3	0	5	83	2019-01-01 2:21:00	2	3	7.93
3	0	5	93	2019-01-01 2:21:00	2	1	9.86
3	0	5	93	2019-01-01 2:21:00	2	2	8.56
3	0	5	93	2019-01-01 2:21:00	2	3	7.93
3	0	5	97	2019-01-01 2:21:00	2	1	9.84
3	0	5	97	2019-01-01 2:21:00	2	2	8.1
3	0	5	97	2019-01-01 2:21:00	2	3	11.11
3	0	5	87	2019-01-01 2:22:00	2	1	9.81
3	0	5	87	2019-01-01 2:22:00	2	2	14.34
3	0	5	87	2019-01-01 2:22:00	2	3	7.93
3	0	5	94	2019-01-01 2:23:00	2	1	10.88
3	0	5	94	2019-01-01 2:23:00	2	2	8.25
3	0	5	94	2019-01-01 2:23:00	2	3	7.81
3	0	5	85	2019-01-01 2:24:00	3	1	15.61
3	0	5	85	2019-01-01 2:24:00	3	2	7.97
3	0	5	85	2019-01-01 2:24:00	3	3	14.06
3	0	5	85	2019-01-01 2:25:00	3	1	11.25
3	0	5	85	2019-01-01 2:25:00	3	2	9.19
3	0	5	85	2019-01-01 2:25:00	3	3	10.93
3	0	5	86	2019-01-01 2:25:00	3	1	12.22
3	0	5	86	2019-01-01 2:25:00	3	2	10.52
3	0	5	86	2019-01-01 2:25:00	3	3	7.81
3	0	5	98	2019-01-01 2:25:00	3	1	10.97
3	0	5	98	2019-01-01 2:25:00	3	2	6.96
3	0	5	98	2019-01-01 2:25:00	3	3	14.06
3	0	5	91	2019-01-01 2:25:00	3	1	10.42
3	0	5	91	2019-01-01 2:25:00	3	2	7.63
3	0	5	91	2019-01-01 2:25:00	3	3	7.81
3	0	5	84	2019-01-01 2:27:00	3	1	9.8
3	0	5	84	2019-01-01 2:27:00	3	2	24.57
3	0	5	84	2019-01-01 2:27:00	3	3	12.19
3	0	5	95	2019-01-01 2:28:00	3	1	11.46
3	0	5	95	2019-01-01 2:28:00	3	2	10.37
3	0	5	95	2019-01-01 2:28:00	3	3	11.76
3	0	5	99	2019-01-01 2:29:00	3	1	9.72
3	0	5	99	2019-01-01 2:29:00	3	2	22.25
3	0	5	99	2019-01-01 2:29:00	3	3	9.41
3	0	5	89	2019-01-01 2:29:00	3	1	9.9
3	0	5	89	2019-01-01 2:29:00	3	2	7.11
3	0	5	89	2019-01-01 2:29:00	3	3	11.76
3	0	5	96	2019-01-01 2:30:00	3	1	9.22
3	0	5	96	2019-01-01 2:30:00	3	2	8.83
3	0	5	96	2019-01-01 2:30:00	3	3	9.3
3	0	5	95	2019-01-01 2:30:00	3	1	9.18
3	0	5	95	2019-01-01 2:30:00	3	2	10.82
3	0	5	95	2019-01-01 2:30:00	3	3	9.3
3	0	5	90	2019-01-01 2:30:00	3	1	9.14
3	0	5	90	2019-01-01 2:30:00	3	2	8.21
3	0	5	90	2019-01-01 2:30:00	3	3	9.3
3	0	5	90	2019-01-01 2:31:00	3	1	9.24
3	0	5	90	2019-01-01 2:31:00	3	2	8.08
3	0	5	90	2019-01-01 2:31:00	3	3	9.18
3	0	5	100	2019-01-01 2:31:00	3	1	9.75
3	0	5	100	2019-01-01 2:31:00	3	2	8.37
3	0	5	100	2019-01-01 2:31:00	3	3	9.18
3	0	5	83	2019-01-01 2:31:00	3	1	10.27
3	0	5	83	2019-01-01 2:31:00	3	2	8.05
3	0	5	83	2019-01-01 2:31:00	3	3	7.14
3	0	5	85	2019-01-01 2:32:00	4	1	15.64
3	0	5	85	2019-01-01 2:32:00	4	2	7.52
3	0	5	85	2019-01-01 2:32:00	4	3	13.26
3	0	5	97	2019-01-01 2:32:00	3	1	10.03
3	0	5	97	2019-01-01 2:32:00	3	2	8.81
3	0	5	97	2019-01-01 2:32:00	3	3	11.22
3	0	5	93	2019-01-01 2:32:00	3	1	10.17
3	0	5	93	2019-01-01 2:32:00	3	2	8.15
3	0	5	93	2019-01-01 2:32:00	3	3	9.18
3	0	5	87	2019-01-01 2:32:00	3	1	10.12
3	0	5	87	2019-01-01 2:32:00	3	2	14.1
3	0	5	87	2019-01-01 2:32:00	3	3	11.22
3	0	5	85	2019-01-01 2:33:00	4	1	11.15
3	0	5	85	2019-01-01 2:33:00	4	2	9.38
3	0	5	85	2019-01-01 2:33:00	4	3	11.11
3	0	5	86	2019-01-01 2:33:00	4	1	11.66
3	0	5	86	2019-01-01 2:33:00	4	2	9.68
3	0	5	86	2019-01-01 2:33:00	4	3	9.09
3	0	5	98	2019-01-01 2:33:00	4	1	10.68
3	0	5	98	2019-01-01 2:33:00	4	2	6.64
3	0	5	98	2019-01-01 2:33:00	4	3	11.11
3	0	5	91	2019-01-01 2:33:00	4	1	10.28
3	0	5	91	2019-01-01 2:33:00	4	2	7.09
3	0	5	91	2019-01-01 2:33:00	4	3	7.07
3	0	5	94	2019-01-01 2:34:00	3	1	10.17
3	0	5	94	2019-01-01 2:34:00	3	2	8.72
3	0	5	94	2019-01-01 2:34:00	3	3	9.09
3	0	5	84	2019-01-01 2:35:00	4	1	9.65
3	0	5	84	2019-01-01 2:35:00	4	2	23.58
3	0	5	84	2019-01-01 2:35:00	4	3	13.13
3	0	5	95	2019-01-01 2:37:00	4	1	10.86
3	0	5	95	2019-01-01 2:37:00	4	2	10.75
3	0	5	95	2019-01-01 2:37:00	4	3	12.61
3	0	5	89	2019-01-01 2:38:00	4	1	9.35
3	0	5	89	2019-01-01 2:38:00	4	2	7.09
3	0	5	89	2019-01-01 2:38:00	4	3	10.81
3	0	5	99	2019-01-01 2:38:00	4	1	9.19
3	0	5	99	2019-01-01 2:38:00	4	2	23.91
3	0	5	99	2019-01-01 2:38:00	4	3	10.71
3	0	5	85	2019-01-01 2:39:00	5	1	14.9
3	0	5	85	2019-01-01 2:39:00	5	2	7.2
3	0	5	85	2019-01-01 2:39:00	5	3	12.5
3	0	5	95	2019-01-01 2:39:00	4	1	8.87
3	0	5	95	2019-01-01 2:39:00	4	2	11.08
3	0	5	95	2019-01-01 2:39:00	4	3	10.71
3	0	5	90	2019-01-01 2:40:00	4	1	9.78
3	0	5	90	2019-01-01 2:40:00	4	2	8.27
3	0	5	90	2019-01-01 2:40:00	4	3	8.92
3	0	5	85	2019-01-01 2:40:00	5	1	11.3
3	0	5	85	2019-01-01 2:40:00	5	2	8.85
3	0	5	85	2019-01-01 2:40:00	5	3	10.52
3	0	5	86	2019-01-01 2:41:00	5	1	11.81
3	0	5	86	2019-01-01 2:41:00	5	2	8.9
3	0	5	86	2019-01-01 2:41:00	5	3	8.73
3	0	5	98	2019-01-01 2:41:00	5	1	11.12
3	0	5	98	2019-01-01 2:41:00	5	2	6.52
3	0	5	98	2019-01-01 2:41:00	5	3	10.31
3	0	5	91	2019-01-01 2:41:00	5	1	10.7
3	0	5	91	2019-01-01 2:41:00	5	2	6.87
3	0	5	91	2019-01-01 2:41:00	5	3	7.14
3	0	5	90	2019-01-01 2:42:00	4	1	9.39
3	0	5	90	2019-01-01 2:42:00	4	2	7.68
3	0	5	90	2019-01-01 2:42:00	4	3	8.73
3	0	5	100	2019-01-01 2:42:00	4	1	9.77
3	0	5	100	2019-01-01 2:42:00	4	2	8.24
3	0	5	100	2019-01-01 2:42:00	4	3	8.73
3	0	5	83	2019-01-01 2:42:00	4	1	10.48
3	0	5	83	2019-01-01 2:42:00	4	2	7.99
3	0	5	83	2019-01-01 2:42:00	4	3	8.73
3	0	5	84	2019-01-01 2:42:00	5	1	9.67
3	0	5	84	2019-01-01 2:42:00	5	2	26.37
3	0	5	84	2019-01-01 2:42:00	5	3	11.9
3	0	5	97	2019-01-01 2:42:00	4	1	9.73
3	0	5	97	2019-01-01 2:42:00	4	2	9.37
3	0	5	97	2019-01-01 2:42:00	4	3	10.23
3	0	5	93	2019-01-01 2:43:00	4	1	9.87
3	0	5	93	2019-01-01 2:43:00	4	2	8
3	0	5	93	2019-01-01 2:43:00	4	3	8.59
3	0	5	87	2019-01-01 2:43:00	4	1	10.11
3	0	5	87	2019-01-01 2:43:00	4	2	12.39
3	0	5	87	2019-01-01 2:43:00	4	3	10.15
3	0	5	94	2019-01-01 2:45:00	4	1	10.25
3	0	5	94	2019-01-01 2:45:00	4	2	9.46
3	0	5	94	2019-01-01 2:45:00	4	3	8.59
3	0	5	95	2019-01-01 2:46:00	5	1	10.36
3	0	5	95	2019-01-01 2:46:00	5	2	10.27
3	0	5	95	2019-01-01 2:46:00	5	3	11.59
3	0	5	89	2019-01-01 2:46:00	5	1	9.15
3	0	5	89	2019-01-01 2:46:00	5	2	6.99
3	0	5	89	2019-01-01 2:46:00	5	3	11.59
3	0	5	85	2019-01-01 2:47:00	6	1	13.76
3	0	5	85	2019-01-01 2:47:00	6	2	7.1
3	0	5	85	2019-01-01 2:47:00	6	3	13.04
3	0	5	99	2019-01-01 2:48:00	5	1	9.49
3	0	5	99	2019-01-01 2:48:00	5	2	23.8
3	0	5	99	2019-01-01 2:48:00	5	3	10.14
3	0	5	85	2019-01-01 2:48:00	6	1	11.45
3	0	5	85	2019-01-01 2:48:00	6	2	8.47
3	0	5	85	2019-01-01 2:48:00	6	3	11.59
3	0	5	86	2019-01-01 2:48:00	6	1	12.16
3	0	5	86	2019-01-01 2:48:00	6	2	8.68
3	0	5	86	2019-01-01 2:48:00	6	3	10.14
3	0	5	95	2019-01-01 2:49:00	5	1	9.25
3	0	5	95	2019-01-01 2:49:00	5	2	11.29
3	0	5	95	2019-01-01 2:49:00	5	3	10.14
3	0	5	91	2019-01-01 2:49:00	6	1	11.1
3	0	5	91	2019-01-01 2:49:00	6	2	6.72
3	0	5	91	2019-01-01 2:49:00	6	3	7.24
3	0	5	84	2019-01-01 2:50:00	6	1	9.9
3	0	5	84	2019-01-01 2:50:00	6	2	27.71
3	0	5	84	2019-01-01 2:50:00	6	3	11.51
3	0	5	90	2019-01-01 2:50:00	5	1	9.78
3	0	5	90	2019-01-01 2:50:00	5	2	7.88
3	0	5	90	2019-01-01 2:50:00	5	3	8.63
3	0	5	90	2019-01-01 2:52:00	5	1	9.57
3	0	5	90	2019-01-01 2:52:00	5	2	7.77
3	0	5	90	2019-01-01 2:52:00	5	3	8.6
3	0	5	100	2019-01-01 2:52:00	5	1	9.88
3	0	5	100	2019-01-01 2:52:00	5	2	8.23
3	0	5	100	2019-01-01 2:52:00	5	3	9.93
3	0	5	83	2019-01-01 2:52:00	5	1	10.48
3	0	5	83	2019-01-01 2:52:00	5	2	7.75
3	0	5	83	2019-01-01 2:52:00	5	3	8.6
3	0	5	97	2019-01-01 2:53:00	5	1	9.86
3	0	5	97	2019-01-01 2:53:00	5	2	9.72
3	0	5	97	2019-01-01 2:53:00	5	3	11.25
3	0	5	87	2019-01-01 2:53:00	5	1	10.19
3	0	5	87	2019-01-01 2:53:00	5	2	11.49
3	0	5	87	2019-01-01 2:53:00	5	3	11.25
3	0	5	93	2019-01-01 2:53:00	5	1	9.52
3	0	5	93	2019-01-01 2:53:00	5	2	8.15
3	0	5	93	2019-01-01 2:53:00	5	3	8.6
3	0	5	85	2019-01-01 2:55:00	7	1	13.19
3	0	5	85	2019-01-01 2:55:00	7	2	6.98
3	0	5	85	2019-01-01 2:55:00	7	3	12.41
3	0	5	89	2019-01-01 2:55:00	6	1	9.34
3	0	5	89	2019-01-01 2:55:00	6	2	6.96
3	0	5	89	2019-01-01 2:55:00	6	3	11.11
3	0	5	95	2019-01-01 2:55:00	6	1	10.4
3	0	5	95	2019-01-01 2:55:00	6	2	10.01
3	0	5	95	2019-01-01 2:55:00	6	3	12.41
3	0	5	85	2019-01-01 2:56:00	7	1	11.45
3	0	5	85	2019-01-01 2:56:00	7	2	8.39
3	0	5	85	2019-01-01 2:56:00	7	3	10.97
3	0	5	94	2019-01-01 2:56:00	5	1	10.2
3	0	5	94	2019-01-01 2:56:00	5	2	10.24
3	0	5	94	2019-01-01 2:56:00	5	3	9.75
3	0	5	86	2019-01-01 2:56:00	7	1	12.17
3	0	5	86	2019-01-01 2:56:00	7	2	8.65
3	0	5	86	2019-01-01 2:56:00	7	3	10.97
3	0	5	84	2019-01-01 2:57:00	7	1	10.2
3	0	5	84	2019-01-01 2:57:00	7	2	27.69
3	0	5	84	2019-01-01 2:57:00	7	3	12.12
3	0	5	91	2019-01-01 2:57:00	7	1	11.28
3	0	5	91	2019-01-01 2:57:00	7	2	6.8
3	0	5	91	2019-01-01 2:57:00	7	3	7.18
3	0	5	99	2019-01-01 2:57:00	6	1	9.51
3	0	5	99	2019-01-01 2:57:00	6	2	22.68
3	0	5	99	2019-01-01 2:57:00	6	3	10.77
3	0	5	95	2019-01-01 2:59:00	6	1	9.37
3	0	5	95	2019-01-01 2:59:00	6	2	11.01
3	0	5	95	2019-01-01 2:59:00	6	3	9.58
3	0	5	90	2019-01-01 2:59:00	6	1	9.87
3	0	5	90	2019-01-01 2:59:00	6	2	8.45
3	0	5	90	2019-01-01 2:59:00	6	3	8.38
3	0	5	85	2019-01-01 3:2:00	8	1	12.95
3	0	5	85	2019-01-01 3:2:00	8	2	7.11
3	0	5	85	2019-01-01 3:2:00	8	3	11.86
3	0	5	100	2019-01-01 3:2:00	6	1	9.93
3	0	5	100	2019-01-01 3:2:00	6	2	8.49
3	0	5	100	2019-01-01 3:2:00	6	3	9.6
3	0	5	90	2019-01-01 3:2:00	6	1	9.64
3	0	5	90	2019-01-01 3:2:00	6	2	8.07
3	0	5	90	2019-01-01 3:2:00	6	3	8.47
3	0	5	83	2019-01-01 3:2:00	6	1	10.74
3	0	5	83	2019-01-01 3:2:00	6	2	8.01
3	0	5	83	2019-01-01 3:2:00	6	3	8.47
3	0	5	97	2019-01-01 3:3:00	6	1	9.72
3	0	5	97	2019-01-01 3:3:00	6	2	9.7
3	0	5	97	2019-01-01 3:3:00	6	3	10.73
3	0	5	84	2019-01-01 3:4:00	8	1	10.18
3	0	5	84	2019-01-01 3:4:00	8	2	27.23
3	0	5	84	2019-01-01 3:4:00	8	3	11.86
3	0	5	87	2019-01-01 3:4:00	6	1	10.33
3	0	5	87	2019-01-01 3:4:00	6	2	10.97
3	0	5	87	2019-01-01 3:4:00	6	3	10.73
3	0	5	93	2019-01-01 3:4:00	6	1	9.74
3	0	5	93	2019-01-01 3:4:00	6	2	8.15
3	0	5	93	2019-01-01 3:4:00	6	3	8.47
3	0	5	85	2019-01-01 3:4:00	8	1	11.61
3	0	5	85	2019-01-01 3:4:00	8	2	8.27
3	0	5	85	2019-01-01 3:4:00	8	3	11.86
3	0	5	86	2019-01-01 3:4:00	8	1	12.27
3	0	5	86	2019-01-01 3:4:00	8	2	8.47
3	0	5	86	2019-01-01 3:4:00	8	3	10.73
3	0	5	95	2019-01-01 3:4:00	7	1	10.42
3	0	5	95	2019-01-01 3:4:00	7	2	10.51
3	0	5	95	2019-01-01 3:4:00	7	3	11.86
3	0	5	91	2019-01-01 3:5:00	8	1	11.48
3	0	5	91	2019-01-01 3:5:00	8	2	6.77
3	0	5	91	2019-01-01 3:5:00	8	3	7.34
3	0	5	99	2019-01-01 3:7:00	7	1	9.66
3	0	5	99	2019-01-01 3:7:00	7	2	22.03
3	0	5	99	2019-01-01 3:7:00	7	3	10.69
3	0	5	94	2019-01-01 3:7:00	6	1	10.12
3	0	5	94	2019-01-01 3:7:00	6	2	9.88
3	0	5	94	2019-01-01 3:7:00	6	3	9.62
3	0	5	95	2019-01-01 3:9:00	7	1	9.52
3	0	5	95	2019-01-01 3:9:00	7	2	10.8
3	0	5	95	2019-01-01 3:9:00	7	3	9.62
3	0	5	90	2019-01-01 3:9:00	7	1	9.93
3	0	5	90	2019-01-01 3:9:00	7	2	8.78
3	0	5	90	2019-01-01 3:9:00	7	3	8.55
3	0	5	85	2019-01-01 3:10:00	9	1	12.97
3	0	5	85	2019-01-01 3:10:00	9	2	7.14
3	0	5	85	2019-01-01 3:10:00	9	3	11.76
3	0	5	84	2019-01-01 3:10:00	9	1	10.4
3	0	5	84	2019-01-01 3:10:00	9	2	27.11
3	0	5	84	2019-01-01 3:10:00	9	3	11.76
3	0	5	85	2019-01-01 3:12:00	9	1	11.78
3	0	5	85	2019-01-01 3:12:00	9	2	8.35
3	0	5	85	2019-01-01 3:12:00	9	3	11.67
3	0	5	86	2019-01-01 3:12:00	9	1	12.36
3	0	5	86	2019-01-01 3:12:00	9	2	8.53
3	0	5	86	2019-01-01 3:12:00	9	3	10.65
3	0	5	100	2019-01-01 3:13:00	7	1	9.96
3	0	5	100	2019-01-01 3:13:00	7	2	8.7
3	0	5	100	2019-01-01 3:13:00	7	3	9.54
3	0	5	90	2019-01-01 3:13:00	7	1	9.63
3	0	5	90	2019-01-01 3:13:00	7	2	8.12
3	0	5	90	2019-01-01 3:13:00	7	3	9.54
3	0	5	83	2019-01-01 3:13:00	7	1	10.58
3	0	5	83	2019-01-01 3:13:00	7	2	8.29
3	0	5	83	2019-01-01 3:13:00	7	3	8.54
3	0	5	95	2019-01-01 3:13:00	8	1	10.44
3	0	5	95	2019-01-01 3:13:00	8	2	10.44
3	0	5	95	2019-01-01 3:13:00	8	3	11.55
3	0	5	91	2019-01-01 3:13:00	9	1	11.27
3	0	5	91	2019-01-01 3:13:00	9	2	6.95
3	0	5	91	2019-01-01 3:13:00	9	3	7.53
3	0	5	97	2019-01-01 3:14:00	7	1	9.31
3	0	5	97	2019-01-01 3:14:00	7	2	9.74
3	0	5	97	2019-01-01 3:14:00	7	3	10.55
3	0	5	87	2019-01-01 3:14:00	7	1	9.86
3	0	5	87	2019-01-01 3:14:00	7	2	10.95
3	0	5	87	2019-01-01 3:14:00	7	3	10.55
3	0	5	93	2019-01-01 3:14:00	7	1	9.38
3	0	5	93	2019-01-01 3:14:00	7	2	8.24
3	0	5	93	2019-01-01 3:14:00	7	3	8.54
3	0	6	0	2019-01-01 2:15:00	1	1	10.98
3	0	6	0	2019-01-01 2:15:00	1	2	9.87
3	0	6	0	2019-01-01 2:15:00	1	3	11.11
3	0	6	0	2019-01-01 2:17:00	1	1	9.75
3	0	6	0	2019-01-01 2:17:00	1	2	9.7
3	0	6	0	2019-01-01 2:17:00	1	3	10
3	0	6	0	2019-01-01 2:17:00	1	1	9.75
3	0	6	0	2019-01-01 2:17:00	1	2	10.67
3	0	6	0	2019-01-01 2:17:00	1	3	10
3	0	6	0	2019-01-01 2:17:00	1	1	9.75
3	0	6	0	2019-01-01 2:17:00	1	2	9.7
3	0	6	0	2019-01-01 2:17:00	1	3	10
3	0	6	0	2019-01-01 2:35:00	1	1	9.75
3	0	6	0	2019-01-01 2:35:00	1	2	9.66
3	0	6	0	2019-01-01 2:35:00	1	3	10
3	0	6	0	2019-01-01 2:50:00	2	1	10.12
3	0	6	0	2019-01-01 2:50:00	2	2	9.71
3	0	6	0	2019-01-01 2:50:00	2	3	10
3	0	6	0	2019-01-01 2:6:00	2	1	10.09
3	0	6	0	2019-01-01 2:6:00	2	2	9.79
3	0	6	0	2019-01-01 2:6:00	2	3	10.21
