result_no	generate_no	e_no	condition_id	
1	0	1	1
1	0	1	2
1	0	1	3
1	0	1	4
1	0	1	5
1	0	1	6
1	0	1	7
1	0	1	8
1	0	1	9
1	0	1	10
1	0	1	11
1	0	1	12
1	0	1	13
1	0	1	14
1	0	1	15
1	0	2	23
1	0	2	24
1	0	2	25
1	0	2	26
1	0	2	27
1	0	2	28
1	0	2	29
1	0	3	27
1	0	3	28
1	0	3	31
1	0	3	29
1	0	3	32
1	0	3	33
1	0	3	34
1	0	3	35
1	0	4	23
1	0	4	24
1	0	4	25
1	0	4	36
1	0	4	37
1	0	4	38
1	0	4	5
1	0	4	6
1	0	4	39
1	0	4	40
1	0	5	32
1	0	5	33
1	0	5	34
1	0	5	42
1	0	5	43
1	0	5	44
1	0	6	23
1	0	6	24
1	0	6	25
1	0	6	26
1	0	6	27
1	0	6	28
1	0	6	29
1	0	7	23
1	0	7	24
1	0	7	25
1	0	7	36
1	0	7	37
1	0	7	38
1	0	7	5
1	0	7	6
1	0	7	39
1	0	7	40
1	0	7	45
1	0	7	46
1	0	7	47
1	0	8	23
1	0	8	24
1	0	8	25
1	0	8	48
1	0	8	49
1	0	8	50
1	0	8	43
1	0	8	44
1	0	8	5
1	0	8	6
1	0	9	32
1	0	9	33
1	0	9	34
1	0	9	42
1	0	9	35
1	0	9	51
1	0	9	52
1	0	9	53
1	0	9	54
1	0	9	55
1	0	10	23
1	0	10	24
1	0	10	25
1	0	10	48
1	0	10	49
1	0	10	50
1	0	10	43
1	0	10	44
1	0	10	1
1	0	10	2
1	0	10	3
1	0	10	56
1	0	10	5
1	0	10	6
1	0	10	57
1	0	10	58
1	0	10	59
1	0	10	60
1	0	11	27
1	0	11	28
1	0	11	31
1	0	11	29
1	0	11	48
1	0	11	49
1	0	11	50
1	0	11	61
1	0	12	27
1	0	12	28
1	0	12	31
1	0	12	48
1	0	12	49
1	0	12	50
1	0	12	1
1	0	12	2
1	0	12	3
1	0	12	56
1	0	12	5
1	0	12	6
1	0	12	8
1	0	12	9
1	0	12	11
1	0	12	12
1	0	12	13
1	0	12	14
1	0	13	48
1	0	13	49
1	0	13	50
1	0	13	36
1	0	13	37
1	0	13	38
1	0	13	5
1	0	13	6
1	0	13	62
1	0	13	63
1	0	13	64
1	0	13	65
1	0	13	66
1	0	13	67
1	0	14	32
1	0	14	33
1	0	14	34
1	0	14	42
1	0	14	43
1	0	14	44
1	0	15	27
1	0	15	28
1	0	15	31
1	0	15	48
1	0	15	49
1	0	15	50
1	0	15	5
1	0	15	6
1	0	15	11
1	0	15	12
1	0	16	68
1	0	16	69
1	0	16	70
1	0	16	71
1	0	16	72
1	0	16	39
1	0	16	40
1	0	16	73
1	0	16	46
1	0	16	47
1	0	16	74
1	0	17	68
1	0	17	69
1	0	17	70
1	0	17	71
1	0	17	72
1	0	18	68
1	0	18	69
1	0	18	72
1	0	19	68
1	0	19	69
1	0	19	70
1	0	19	71
1	0	19	76
1	0	19	5
1	0	19	6
1	0	19	7
1	0	19	66
1	0	19	67
1	0	19	77
1	0	20	27
1	0	20	28
1	0	20	31
1	0	20	29
1	0	20	48
1	0	20	49
1	0	20	50
1	0	20	61
1	0	21	68
1	0	21	69
1	0	21	70
1	0	21	71
1	0	21	72
1	0	22	32
1	0	22	33
1	0	22	34
1	0	22	42
1	0	22	35
1	0	22	43
1	0	22	44
1	0	22	78
1	0	23	23
1	0	23	24
1	0	23	25
1	0	23	36
1	0	23	37
1	0	23	38
1	0	23	5
1	0	23	6
1	0	23	39
1	0	23	40
1	0	24	68
1	0	24	69
1	0	24	70
1	0	24	71
1	0	24	72
1	0	24	39
1	0	24	40
1	0	24	73
1	0	24	46
1	0	24	47
1	0	24	74
1	0	25	23
1	0	25	24
1	0	25	25
1	0	25	27
1	0	25	28
1	0	25	5
1	0	25	6
1	0	26	68
1	0	26	69
1	0	26	70
1	0	26	71
1	0	26	76
1	0	26	5
1	0	26	6
1	0	26	7
1	0	26	66
1	0	26	67
1	0	26	77
1	0	27	48
1	0	27	49
1	0	27	50
1	0	27	36
1	0	27	37
1	0	27	38
1	0	27	5
1	0	27	6
1	0	27	62
1	0	27	63
1	0	27	64
1	0	27	65
1	0	27	66
1	0	27	67
1	0	28	68
1	0	28	69
1	0	28	70
1	0	28	71
1	0	28	76
1	0	28	5
1	0	28	6
1	0	28	7
1	0	28	66
1	0	28	67
1	0	28	77
1	0	29	68
1	0	29	69
1	0	29	70
1	0	29	71
1	0	29	76
1	0	29	5
1	0	29	6
1	0	29	7
1	0	30	68
1	0	30	69
1	0	30	70
1	0	30	71
1	0	30	76
1	0	30	5
1	0	30	6
1	0	30	7
1	0	30	11
1	0	30	12
1	0	30	15
1	0	31	39
1	0	31	40
1	0	31	45
1	0	31	73
1	0	31	46
1	0	31	47
1	0	31	74
1	0	32	1
1	0	32	2
1	0	32	3
1	0	32	56
1	0	32	4
1	0	32	5
1	0	32	6
1	0	32	7
1	0	32	8
1	0	32	9
1	0	32	10
1	0	32	11
1	0	32	12
1	0	32	13
1	0	32	14
1	0	32	15
1	0	33	5
1	0	33	6
1	0	33	7
1	0	34	32
1	0	34	33
1	0	34	34
1	0	34	42
1	0	34	35
1	0	34	51
1	0	34	52
1	0	34	53
1	0	34	54
1	0	34	55
1	0	35	64
1	0	35	65
1	0	35	79
1	0	36	68
1	0	36	69
1	0	36	70
1	0	36	71
1	0	36	76
1	0	36	5
1	0	36	6
1	0	36	7
1	0	37	5
1	0	37	6
1	0	37	7
1	0	38	48
1	0	38	49
1	0	38	50
1	0	38	36
1	0	38	37
1	0	38	38
1	0	38	5
1	0	38	6
1	0	38	62
1	0	38	63
1	0	38	64
1	0	38	65
1	0	38	66
1	0	38	67
1	0	39	1
1	0	39	2
1	0	39	3
1	0	39	4
1	0	39	5
1	0	39	6
1	0	39	7
1	0	39	57
1	0	39	58
1	0	39	59
1	0	39	60
1	0	39	80
1	0	40	68
1	0	40	69
1	0	40	76
1	0	40	5
1	0	40	6
1	0	40	7
1	0	40	11
1	0	40	12
1	0	40	15
1	0	41	23
1	0	41	24
1	0	41	25
1	0	41	36
1	0	41	37
1	0	41	43
1	0	41	44
1	0	41	81
1	0	41	1
1	0	41	2
1	0	41	3
1	0	41	56
1	0	41	5
1	0	41	6
1	0	41	57
1	0	41	58
1	0	41	59
1	0	41	60
1	0	42	68
1	0	42	69
1	0	42	70
1	0	42	71
1	0	42	76
1	0	42	5
1	0	42	6
1	0	42	7
1	0	42	11
1	0	42	12
1	0	42	15
1	0	43	68
1	0	43	69
1	0	43	70
1	0	43	71
1	0	43	76
1	0	43	5
1	0	43	6
1	0	43	7
1	0	44	82
1	0	45	68
1	0	45	69
1	0	45	70
1	0	45	71
1	0	45	76
1	0	45	5
1	0	45	6
1	0	45	7
1	0	45	66
1	0	45	67
1	0	45	77
1	0	46	68
1	0	46	69
1	0	46	70
1	0	46	71
1	0	46	76
1	0	46	5
1	0	46	6
1	0	46	7
1	0	47	23
1	0	47	24
1	0	47	25
1	0	47	26
1	0	47	36
1	0	47	37
1	0	47	83
1	0	47	43
1	0	47	44
1	0	47	81
1	0	47	78
1	0	48	27
1	0	48	28
1	0	48	31
1	0	48	29
1	0	48	48
1	0	48	49
1	0	48	50
1	0	48	61
1	0	49	32
1	0	49	33
1	0	49	34
1	0	49	42
1	0	49	35
1	0	49	51
1	0	49	52
1	0	49	53
1	0	49	54
1	0	49	55
1	0	50	23
1	0	50	24
1	0	50	36
1	0	50	37
1	0	50	38
1	0	50	84
1	0	50	5
1	0	50	6
1	0	50	85
1	0	50	86
1	0	51	23
1	0	51	24
1	0	51	25
1	0	51	26
1	0	51	48
1	0	51	49
1	0	51	50
1	0	51	61
1	0	51	43
1	0	51	44
1	0	51	78
1	0	52	68
1	0	52	69
1	0	52	70
1	0	52	71
1	0	52	76
1	0	52	5
1	0	52	6
1	0	52	7
1	0	52	66
1	0	52	67
1	0	52	77
1	0	53	68
1	0	53	69
1	0	53	70
1	0	53	71
1	0	53	72
1	0	54	68
1	0	54	69
1	0	54	70
1	0	54	71
1	0	54	76
1	0	54	5
1	0	54	6
1	0	54	85
1	0	54	86
1	0	54	7
1	0	55	68
1	0	55	69
1	0	55	70
1	0	55	71
1	0	55	76
1	0	55	5
1	0	55	6
1	0	55	7
1	0	56	27
1	0	56	28
1	0	56	29
1	0	56	48
1	0	56	49
1	0	56	50
1	0	56	61
1	0	57	1
1	0	57	2
1	0	57	3
1	0	57	4
1	0	57	5
1	0	57	6
1	0	57	7
1	0	57	57
1	0	57	58
1	0	57	59
1	0	57	60
1	0	57	80
1	0	58	48
1	0	58	49
1	0	58	50
1	0	58	36
1	0	58	37
1	0	58	38
1	0	58	5
1	0	58	6
1	0	58	62
1	0	58	63
1	0	58	64
1	0	58	65
1	0	58	66
1	0	58	67
1	0	59	23
1	0	59	24
1	0	59	25
1	0	59	26
1	0	59	48
1	0	59	49
1	0	59	50
1	0	59	61
1	0	59	43
1	0	59	44
1	0	59	78
1	0	60	68
1	0	60	69
1	0	60	70
1	0	60	71
1	0	60	72
1	0	60	62
1	0	60	63
1	0	60	87
1	0	60	64
1	0	60	65
1	0	60	79
1	0	61	1
1	0	61	2
1	0	61	3
1	0	61	56
1	0	61	4
1	0	61	5
1	0	61	6
1	0	61	7
1	0	61	66
1	0	61	67
1	0	61	88
1	0	61	89
1	0	61	77
1	0	62	27
1	0	62	28
1	0	62	31
1	0	62	48
1	0	62	49
1	0	62	50
1	0	62	5
1	0	62	6
1	0	63	23
1	0	63	24
1	0	63	26
1	0	63	36
1	0	63	37
1	0	63	38
1	0	63	84
1	0	63	83
1	0	64	68
1	0	64	69
1	0	64	70
1	0	64	71
1	0	64	72
1	0	64	39
1	0	64	40
1	0	64	73
1	0	65	68
1	0	65	69
1	0	65	70
1	0	65	71
1	0	65	76
1	0	65	5
1	0	65	6
1	0	65	7
1	0	66	32
1	0	66	33
1	0	66	34
1	0	66	42
1	0	66	51
1	0	66	52
1	0	66	53
1	0	66	54
1	0	66	5
1	0	66	6
1	0	67	68
1	0	67	69
1	0	67	70
1	0	67	71
1	0	67	76
1	0	67	5
1	0	67	6
1	0	67	85
1	0	67	86
1	0	67	7
1	0	68	32
1	0	68	33
1	0	68	34
1	0	68	42
1	0	68	43
1	0	68	44
1	0	69	23
1	0	69	24
1	0	69	25
1	0	69	26
1	0	69	36
1	0	69	37
1	0	69	83
1	0	69	43
1	0	69	44
1	0	69	81
1	0	69	78
1	0	70	27
1	0	70	28
1	0	70	31
1	0	70	48
1	0	70	49
1	0	70	50
1	0	70	1
1	0	70	2
1	0	70	3
1	0	70	56
1	0	70	5
1	0	70	6
1	0	70	8
1	0	70	9
1	0	70	11
1	0	70	12
1	0	71	1
1	0	71	2
1	0	71	4
1	0	71	5
1	0	71	6
1	0	71	7
1	0	71	66
1	0	71	67
1	0	71	88
1	0	71	89
1	0	71	77
1	0	72	68
1	0	72	69
1	0	72	72
1	0	73	1
1	0	73	2
1	0	73	4
1	0	73	5
1	0	73	6
1	0	73	7
1	0	73	57
1	0	73	58
1	0	73	80
1	0	74	27
1	0	74	28
1	0	74	48
1	0	74	49
1	0	74	50
1	0	74	5
1	0	74	6
1	0	75	1
1	0	75	2
1	0	75	3
1	0	75	56
1	0	75	4
1	0	75	5
1	0	75	6
1	0	75	7
1	0	75	8
1	0	75	9
1	0	75	10
1	0	75	11
1	0	75	12
1	0	75	15
1	0	76	27
1	0	76	28
1	0	76	48
1	0	76	49
1	0	76	50
1	0	76	5
1	0	76	6
1	0	77	23
1	0	77	24
1	0	77	25
1	0	77	36
1	0	77	37
1	0	77	38
1	0	77	5
1	0	77	6
1	0	77	39
1	0	77	40
1	0	77	46
1	0	77	47
1	0	78	1
1	0	78	2
1	0	78	3
1	0	78	56
1	0	78	4
1	0	78	5
1	0	78	6
1	0	78	7
1	0	78	66
1	0	78	67
1	0	78	88
1	0	78	89
1	0	78	77
1	0	79	68
1	0	79	69
1	0	79	76
1	0	79	5
1	0	79	6
1	0	79	7
1	0	79	8
1	0	79	9
1	0	79	10
1	0	79	11
1	0	79	12
1	0	79	15
1	0	80	68
1	0	80	69
1	0	80	70
1	0	80	71
1	0	80	72
1	0	80	39
1	0	80	40
1	0	80	73
1	0	80	46
1	0	80	47
1	0	80	74
1	0	81	68
1	0	81	69
1	0	81	76
1	0	81	5
1	0	81	6
1	0	81	7
1	0	82	68
1	0	82	69
1	0	82	70
1	0	82	71
1	0	82	76
1	0	82	5
1	0	82	6
1	0	82	7
1	0	83	27
1	0	83	28
1	0	83	29
1	0	83	48
1	0	83	49
1	0	83	50
1	0	83	61
1	0	84	32
1	0	84	33
1	0	84	34
1	0	84	42
1	0	84	35
1	0	84	51
1	0	84	52
1	0	84	53
1	0	84	54
1	0	84	55
1	0	85	27
1	0	85	28
1	0	85	31
1	0	85	48
1	0	85	49
1	0	85	50
1	0	85	1
1	0	85	2
1	0	85	3
1	0	85	56
1	0	85	5
1	0	85	6
1	0	85	8
1	0	85	9
1	0	85	11
1	0	85	12
1	0	85	13
1	0	85	14
1	0	86	68
1	0	86	69
1	0	86	70
1	0	86	71
1	0	86	76
1	0	86	5
1	0	86	6
1	0	86	85
1	0	86	86
1	0	86	7
1	0	87	1
1	0	87	2
1	0	87	3
1	0	87	56
1	0	87	4
1	0	87	5
1	0	87	6
1	0	87	7
1	0	87	90
1	0	87	91
1	0	87	92
1	0	87	57
1	0	87	58
1	0	87	59
1	0	87	60
1	0	87	80
1	0	88	48
1	0	88	49
1	0	88	50
1	0	88	61
1	0	88	36
1	0	88	37
1	0	88	38
1	0	88	83
1	0	89	23
1	0	89	24
1	0	89	25
1	0	89	26
1	0	89	36
1	0	89	37
1	0	89	83
1	0	89	43
1	0	89	44
1	0	89	81
1	0	89	78
1	0	90	27
1	0	90	28
1	0	90	31
1	0	90	48
1	0	90	49
1	0	90	50
1	0	90	1
1	0	90	2
1	0	90	3
1	0	90	56
1	0	90	5
1	0	90	6
1	0	90	8
1	0	90	9
1	0	90	11
1	0	90	12
1	0	91	23
1	0	91	24
1	0	91	25
1	0	91	27
1	0	91	28
1	0	91	5
1	0	91	6
1	0	92	68
1	0	92	69
1	0	92	70
1	0	92	71
1	0	92	76
1	0	92	5
1	0	92	6
1	0	92	7
1	0	93	48
1	0	93	49
1	0	93	50
1	0	93	36
1	0	93	37
1	0	93	38
1	0	93	5
1	0	93	6
1	0	93	62
1	0	93	63
1	0	93	64
1	0	93	65
1	0	93	66
1	0	93	67
1	0	94	32
1	0	94	33
1	0	94	34
1	0	94	42
1	0	94	35
1	0	94	43
1	0	94	44
1	0	94	78
1	0	95	32
1	0	95	33
1	0	95	34
1	0	95	42
1	0	95	35
1	0	95	51
1	0	95	52
1	0	95	53
1	0	95	54
1	0	95	55
1	0	96	23
1	0	96	24
1	0	96	25
1	0	96	26
1	0	96	36
1	0	96	37
1	0	96	38
1	0	96	83
1	0	97	32
1	0	97	33
1	0	97	34
1	0	97	42
1	0	97	51
1	0	97	52
1	0	97	53
1	0	97	54
1	0	97	5
1	0	97	6
1	0	98	68
1	0	98	69
1	0	98	76
1	0	98	5
1	0	98	6
1	0	98	7
1	0	99	68
1	0	99	69
1	0	99	70
1	0	99	71
1	0	99	76
1	0	99	5
1	0	99	6
1	0	99	7
1	0	100	23
1	0	100	24
1	0	100	25
1	0	100	48
1	0	100	49
1	0	100	50
1	0	100	43
1	0	100	44
1	0	100	5
1	0	100	6
