result_no	generate_no	e_no	i_no	name	kind_id	unique_1	unique_2	value	invation	encount	technic	goodwill	intelligence	stock	add_effect_id	strength	equip	fuka_1_id	fuka_2_id	orig_name_id	
3	0	1	1	あなたの火炎放射の罠	60			230	190	190	280	190	190	15	0	20		0	0	61
3	0	1	2	あなたの瞬間移動の罠	62			230	190	280	280	190	118	15	0	20		0	0	63
3	0	1	3	あなたの電気床	64			300	226	370	370	280	154	15	65	20		0	0	66
3	0	1	4	あなたのマシン	67			360	154	370	370	154	118	15	68	20		0	0	69
3	0	1	5	あなたの火炎放射の罠	60			230	190	190	280	190	190	15	0	20		0	0	61
3	0	1	6	あなたの瞬間移動の罠	62			230	190	280	280	190	118	15	0	20		0	0	63
3	0	1	7	あなたの熱砂	70			300	208	226	370	370	226	15	71	20		0	0	72
3	0	1	8	あなたのウィザード	73			230	118	172	316	190	244	15	74	20		0	0	75
3	0	1	9	あなたの電気床	64			300	226	370	370	280	154	15	65	20		0	0	66
3	0	1	10	あなたのマシン	67			360	154	370	370	154	118	15	68	20		0	0	69
3	0	1	11	あなたの熱砂	70			300	208	226	370	370	226	15	71	20		0	0	72
3	0	1	12	あなたのウィザード	73			230	118	172	316	190	244	15	74	20		0	0	75
3	0	1	13	ふつうのハーピィ-0	76			140	208	190	172	172	118	2	74	20		0	0	77
3	0	1	14	ふつうの熱砂-0	78			300	208	226	370	370	226	2	71	20		0	0	72
3	0	1	15	ふつうの懲罰室-0	199			300	118	118	118	118	118	2	0	20		0	0	107
3	0	1	16	ふつうの睡眠ガスの罠-0	144			230	191	191	191	283	191	2	0	21		0	0	110
3	0	2	1	あなたの矢の罠	79			262	229	375	229	229	229	15	0	20		0	0	80
3	0	2	2	あなたの瞬間移動の罠	62			262	192	338	284	192	118	15	0	20		0	0	63
3	0	2	3	あなたの電気床	64			342	229	430	376	284	155	15	65	20		0	0	66
3	0	2	4	あなたのアーチャー	81			262	155	430	229	284	229	15	74	20		0	0	82
3	0	2	5	あなたの矢の罠	79			262	229	375	229	229	229	15	0	20		0	0	80
3	0	2	7	あなたの迷宮	83			342	155	430	284	339	265	15	84	20		0	0	85
3	0	2	8	あなたのウィスプ	67			114	136	338	192	155	192	15	86	20		0	0	87
3	0	2	9	あなたの電気床	64			342	229	430	376	284	155	15	65	20		0	0	66
3	0	2	10	あなたのアーチャー	81			262	155	430	229	284	229	15	74	20		0	0	82
3	0	2	11	あなたの迷宮	83			342	155	430	284	339	265	15	84	20		0	0	85
3	0	2	12	あなたのウィスプ	67			114	136	338	192	155	192	15	86	20		0	0	87
3	0	2	13	正規得迷宮『メイズ』	88			342	155	430	284	339	265	15	84	20		0	0	85
3	0	2	14	正規徳迷宮『メイズ』	88			342	155	430	284	339	265	15	84	20		0	0	85
3	0	2	15	正規徳アーチャー『クライド』	119			262	156	443	231	287	231	15	74	21		0	0	82
3	0	3	1	ふつうのアラームの罠-0	151			230	283	191	191	191	245	2	0	21	282	0	0	125
3	0	3	8	あなたのプリンス	89			575	176	157	119	195	534	15	102	20	281	0	0	103
3	0	3	9	あなたの氷室	104			557	328	309	214	214	439	15	105	20	281	0	0	106
3	0	3	10	あなたのウィッチ	89			724	271	119	157	176	534	15	68	20	281	0	0	90
3	0	3	11	あなたの霊堂	98			557	252	309	233	271	439	15	99	20	281	0	0	100
3	0	3	12	あなたのプリンス	89			575	176	157	119	195	534	15	102	20	281	0	0	103
3	0	3	13	おしおきべや	78			557	119	119	119	119	173	15	0	20	281	0	0	107
3	0	4	1	あなたの睡眠ガスの罠	60			230	190	190	190	334	193	15	0	20	110	0	0	110
3	0	4	2	あなたの鉄鎖の罠	79			230	226	226	226	370	229	15	0	20	110	0	0	111
3	0	4	3	あなたの植物	83			300	172	334	244	424	283	15	113	20	110	0	0	114
3	0	4	4	あなたのアルラウネ	81			270	136	280	208	514	247	15	115	20	110	0	0	116
3	0	4	5	あなたの睡眠ガスの罠	60			230	190	190	190	334	193	15	0	20	110	0	0	110
3	0	4	6	あなたの鉄鎖の罠	79			230	226	226	226	370	229	15	0	20	110	0	0	111
3	0	4	7	あなたの熱砂	70			300	208	226	370	424	229	15	71	20	110	0	0	72
3	0	4	8	双子の小巨人『L&amp;Z』	119			400	118	301	191	528	432	15	68	21	111	0	0	120
3	0	4	9	あなたの植物	83			300	172	334	244	424	283	15	113	20	110	0	0	114
3	0	4	10	あなたのアルラウネ	81			270	136	280	208	514	247	15	115	20	110	0	0	116
3	0	4	11	あなたの熱砂	70			300	208	226	370	424	229	15	71	20	110	0	0	72
3	0	4	12	あなたのサキュバス	73			340	208	226	208	388	121	15	117	20	110	0	0	118
3	0	4	13	執事イタクァ	119			400	118	298	190	514	427	15	68	20	110	0	0	120
3	0	4	14	執事イタクァ	119			400	118	298	190	514	427		68	20	110	0	0	120
3	0	4	15	灯篭	76			30	172	172	118	226	172		86	20		0	0	136
3	0	4	16	灯篭	76			30	172	172	118	226	172		86	20		0	0	136
3	0	4	17	灯篭	76			30	172	172	118	226	172		86	20		0	0	136
3	0	4	18	灯篭	76			30	172	172	118	226	172		86	20		0	0	136
3	0	4	19	執事イタクァ	119			400	118	298	190	514	427		68	20	110	0	0	120
3	0	4	20	鯛を抱く老巨人	119			400	118	298	190	514	424		68	20		0	0	120
3	0	4	21	鯛を抱く老巨人	119			400	118	298	190	514	424		68	20		0	0	120
3	0	4	22	鯛を抱く老巨人	119			400	118	298	190	514	424		68	20		0	0	120
3	0	4	23	鯛を抱く老巨人	119			400	118	298	190	514	424		68	20		0	0	120
3	0	4	24	鯛を抱く老巨人	119			400	118	298	190	514	424		68	20		0	0	120
3	0	5	1	あなたの睡眠ガスの罠	60			230	190	190	190	334	190	15	0	20		0	0	110
3	0	5	2	あなたの鉄鎖の罠	79			230	226	226	226	370	226	15	0	20		0	0	111
3	0	5	3	あなたの植物	83			300	172	334	244	424	280	15	113	20		0	0	114
3	0	5	4	あなたのアルラウネ	81			270	136	280	208	514	244	15	115	20		0	0	116
3	0	5	5	あなたの睡眠ガスの罠	60			230	190	190	190	334	190	15	0	20		0	0	110
3	0	5	6	あなたの鉄鎖の罠	79			230	226	226	226	370	226	15	0	20		0	0	111
3	0	5	7	あなたの熱砂	70			300	208	226	370	424	226	15	71	20		0	0	72
3	0	5	8	あなたのサキュバス	73			340	208	226	208	388	118	15	117	20		0	0	118
3	0	5	9	あなたの植物	83			300	172	334	244	424	280	15	113	20		0	0	114
3	0	5	10	あなたのアルラウネ	81			270	136	280	208	514	244	15	115	20		0	0	116
3	0	5	11	あなたの熱砂	70			300	208	226	370	424	226	15	71	20		0	0	72
3	0	5	12	あなたのサキュバス	73			340	208	226	208	388	118	15	117	20		0	0	118
3	0	5	13	クリスマスツリー	121			300	244	298	226	316	370	15	99	20		0	0	100
3	0	5	14	ふつうの氷室-0	200			300	316	298	208	262	370	2	105	20		0	0	106
3	0	5	15	ふわ	153			230	191	191	191	345	191	15	0	21		0	0	110
3	0	6	1	あなたの矢の罠	79			230	226	316	226	226	226	15	0	20		0	0	80
3	0	6	2	あなたの瞬間移動の罠	62			230	190	280	280	190	118	15	0	20		0	0	63
3	0	6	3	あなたの電気床	64			300	226	370	370	280	154	15	65	20		0	0	66
3	0	6	4	あなたのアーチャー	81			230	154	370	226	280	226	15	74	20		0	0	82
3	0	6	5	あなたの矢の罠	79			230	226	316	226	226	226	15	0	20		0	0	80
3	0	6	6	あなたの瞬間移動の罠	62			230	190	280	280	190	118	15	0	20		0	0	63
3	0	6	7	あなたの迷宮	83			300	154	370	280	334	262	15	84	20		0	0	85
3	0	6	8	あなたのウィスプ	67			100	136	280	190	154	190	15	86	20		0	0	87
3	0	6	9	あなたの電気床	64			300	226	370	370	280	154	15	65	20		0	0	66
3	0	6	10	あなたのアーチャー	81			230	154	370	226	280	226	15	74	20		0	0	82
3	0	6	11	あなたの迷宮	83			300	154	370	280	334	262	15	84	20		0	0	85
3	0	6	12	あなたのウィスプ	67			100	136	280	190	154	190	15	86	20		0	0	87
3	0	6	13	ふつうのエンジェル-0	76			220	190	118	190	190	190	2	122	20		0	0	123
3	0	6	14	ふつうのアーチャー-0	124			230	154	370	226	280	226	2	74	20		0	0	82
3	0	6	15	もっこし	143			607	444	216	158	119	196	15	74	20		0	0	133
3	0	6	16	るっこら	143			607	457	217	158	119	198	15	74	21		0	0	133
3	0	6	17	誘う炎『ブレイジング・ファンタジア』	141			340	208	226	226	334	118		117	20		0	0	118
3	0	6	18	マッスィーン	135			360	154	373	424	154	118		68	20		0	0	69
3	0	6	19	シンプル・テレポーター	139			230	190	280	334	190	118		0	20		0	0	63
3	0	7	1	死毒の檻『メス・ヴェラド』	143			607	444	216	158	119	196		74	20		0	0	133
3	0	7	2	死毒の檻『メス・ヴェラド』	143			607	444	216	158	119	196		74	20		0	0	133
3	0	7	3	死毒の檻『メス・ヴェラド』	143			607	444	216	158	119	196		74	20		0	0	133
3	0	7	4	死毒の檻『メス・ヴェラド』	143			607	444	216	158	119	196		74	20		0	0	133
3	0	7	5	死毒の檻『メス・ヴェラド』	143			607	444	216	158	119	196		74	20		0	0	133
3	0	7	6	死毒の檻『メス・ヴェラド』	143			607	444	216	158	119	196		74	20		0	0	133
3	0	7	7	死毒の檻『メス・ヴェラド』	143			607	444	216	158	119	196		74	20		0	0	133
3	0	7	8	熟したばなな	141			340	208	226	208	396	118		117	20		0	0	118
3	0	7	9	熟したばなな	141			340	208	226	208	396	118		117	20		0	0	118
3	0	7	10	熟したばなな	141			340	208	226	208	396	118		117	20		0	0	118
3	0	7	15	死毒の檻『メス・ヴェラド』	143			607	444	216	158	119	196		74	20		0	0	133
3	0	7	16	死毒の檻『メス・ヴェラド』	143			607	444	216	158	119	196		74	20		0	0	133
3	0	7	17	死毒の檻『メス・ヴェラド』	143			607	444	216	158	119	196		74	20		0	0	133
3	0	7	18	死毒の檻『メス・ヴェラド』	143			607	444	216	158	119	196		74	20		0	0	133
3	0	7	21	なえどこせんよう　あるらうね	124			655	192	293	216	487	254		115	20		0	0	116
3	0	7	22	なえどこせんよう　あるらうね	124			655	192	293	216	487	254		115	20		0	0	116
3	0	7	23	なえどこせんよう　あるらうね	124			655	192	293	216	487	254		115	20		0	0	116
3	0	7	24	なえどこせんよう　あるらうね	124			655	192	293	216	487	254		115	20		0	0	116
3	0	7	25	なえどこせんよう　あるらうね	124			655	192	293	216	487	254		115	20		0	0	116
3	0	7	28	死毒の檻『メス・ヴェラド』	143			607	444	216	158	119	196	15	74	20		0	0	133
3	0	8	1	あなたの睡眠ガスの罠	60			230	190	190	190	334	190	15	0	20		0	0	110
3	0	8	2	あなたの鉄鎖の罠	79			230	226	226	226	370	226	15	0	20		0	0	111
3	0	8	3	あなたの植物	83			300	172	334	244	424	280	15	113	20		0	0	114
3	0	8	4	あなたのアルラウネ	81			270	136	280	208	514	244	15	115	20		0	0	116
3	0	8	5	あなたの睡眠ガスの罠	60			230	190	190	190	334	190	15	0	20		0	0	110
3	0	8	6	あなたの鉄鎖の罠	79			230	226	226	226	370	226	15	0	20		0	0	111
3	0	8	7	あなたの熱砂	70			300	208	226	370	424	226	15	71	20		0	0	72
3	0	8	8	あなたのサキュバス	73			340	208	226	208	388	118	15	117	20		0	0	118
3	0	8	9	あなたの植物	83			300	172	334	244	424	280	15	113	20		0	0	114
3	0	8	10	あなたのアルラウネ	81			270	136	280	208	514	244	15	115	20		0	0	116
3	0	8	11	あなたの熱砂	70			300	208	226	370	424	226	15	71	20		0	0	72
3	0	8	12	あなたのサキュバス	73			340	208	226	208	388	118	15	117	20		0	0	118
3	0	8	13	灯篭	76			30	172	172	118	226	172	15	86	20		0	0	136
3	0	8	14	灯篭	76			30	172	172	118	226	172		86	20		0	0	136
3	0	8	15	灯篭	76			30	172	172	118	226	172		86	20		0	0	136
3	0	8	16	灯篭	76			30	172	172	118	226	172		86	20		0	0	136
3	0	8	17	執事イタクァ	119			400	118	298	190	514	427		68	20	110	0	0	120
3	0	8	18	執事イタクァ	119			400	118	298	190	514	427		68	20	110	0	0	120
3	0	8	19	執事イタクァ	119			400	118	298	190	514	427		68	20	110	0	0	120
3	0	8	20	執事イタクァ	119			400	118	298	190	514	427		68	20	110	0	0	120
3	0	8	21	執事イタクァ	119			400	118	298	190	514	427		68	20	110	0	0	120
3	0	8	22	執事イタクァ	119			400	118	298	190	514	427		68	20	110	0	0	120
3	0	8	23	執事イタクァ	119			400	118	298	190	514	427		68	20	110	0	0	120
3	0	8	24	執事イタクァ	119			400	118	298	190	514	427		68	20	110	0	0	120
3	0	8	25	ふつうのプリンセス-0	76			260	118	209	209	263	209	2	68	21		0	0	146
3	0	9	1	あなたの矢の罠	79			230	226	334	226	226	226	15	0	20		0	0	80
3	0	9	2	賛硯	135			100	136	346	191	154	191	15	86	21		0	0	87
3	0	9	3	あなたの電気床	64			300	226	388	370	280	154	15	65	20		0	0	66
3	0	9	4	あなたのアーチャー	81			230	154	388	226	280	226	15	74	20		0	0	82
3	0	9	5	あなたの矢の罠	79			230	226	334	226	226	226	15	0	20		0	0	80
3	0	9	6	あなたの瞬間移動の罠	62			230	190	298	280	190	118	15	0	20		0	0	63
3	0	9	7	あなたの迷宮	83			300	154	388	280	334	262	15	84	20		0	0	85
3	0	9	8	あなたのウィスプ	67			100	136	298	190	154	190	15	86	20		0	0	87
3	0	9	9	あなたの電気床	64			300	226	388	370	280	154	15	65	20		0	0	66
3	0	9	10	盥	119			230	154	416	226	280	226	15	74	20		0	0	82
3	0	9	11	あなたの迷宮	83			300	154	388	280	334	262	15	84	20		0	0	85
3	0	9	12	あなたのウィスプ	67			100	136	298	190	154	190	15	86	20		0	0	87
3	0	9	13	わたしの…	119			230	154	388	226	280	226	15	74	20		0	0	82
3	0	9	14	風の防御機構	134			300	229	424	370	280	154		65	20		0	0	66
3	0	10	1	あなたの矢の罠	79			230	226	370	226	226	229	15	0	20	110	0	0	80
3	0	10	2	あなたの瞬間移動の罠	62			230	190	334	280	190	121	15	0	20	110	0	0	63
3	0	10	3	あなたの電気床	64			300	226	424	370	280	157	15	65	20	110	0	0	66
3	0	10	4	あなたのアーチャー	81			230	154	424	226	280	229	15	74	20	110	0	0	82
3	0	10	5	あなたの矢の罠	79			230	226	370	226	226	229	15	0	20	110	0	0	80
3	0	10	6	あなたの瞬間移動の罠	62			230	190	334	280	190	121	15	0	20	110	0	0	63
3	0	10	7	オット精	135			100	136	334	190	154	193		86	20	110	0	0	87
3	0	10	8	あなたのウィスプ	67			100	136	334	190	154	193	15	86	20	110	0	0	87
3	0	10	9	あなたの電気床	64			300	226	424	370	280	157	15	65	20	110	0	0	66
3	0	10	10	あなたのアーチャー	81			230	154	424	226	280	229	15	74	20	110	0	0	82
3	0	10	11	あなたの迷宮	83			300	154	424	280	334	265	15	84	20	110	0	0	85
3	0	10	12	あなたのウィスプ	67			100	136	334	190	154	193	15	86	20	110	0	0	87
3	0	10	13	オット精	135			100	136	334	190	154	193	15	86	20	110	0	0	87
3	0	10	14	オット精	135			100	136	334	190	154	193		86	20	110	0	0	87
3	0	10	15	オット精	135			100	136	334	190	154	193		86	20	110	0	0	87
3	0	10	16	オット精	135			100	136	334	190	154	193		86	20	110	0	0	87
3	0	10	17	オット精	135			100	136	334	190	154	193		86	20	110	0	0	87
3	0	10	18	オット精	135			100	136	334	190	154	193		86	20	110	0	0	87
3	0	10	19	オット精	135			100	136	334	190	154	193		86	20	110	0	0	87
3	0	10	20	オット精	135			100	136	334	190	154	193		86	20	110	0	0	87
3	0	10	21	オット精	135			100	136	334	190	154	193		86	20	110	0	0	87
3	0	10	23	オット精	135			100	136	334	190	154	193		86	20	110	0	0	87
3	0	10	24	イワシ	201			280	190	244	190	190	193	15	0	20	111	0	0	189
3	0	11	1	あなたの暗黒の罠	93			230	190	190	190	190	280	15	0	20		0	0	94
3	0	11	2	あなたの変化の罠	93			230	190	190	190	190	280	15	0	20		0	0	97
3	0	11	3	あなたの氷室	104			300	316	298	208	208	370	15	105	20		0	0	106
3	0	11	4	あなたのウィッチ	89			390	262	118	154	172	460	15	68	20		0	0	90
3	0	11	5	あなたの暗黒の罠	93			230	190	190	190	190	280	15	0	20		0	0	94
3	0	11	6	あなたの変化の罠	93			230	190	190	190	190	280	15	0	20		0	0	97
3	0	11	7	あなたの霊堂	98			300	244	298	226	262	370	15	99	20		0	0	100
3	0	11	8	あなたのプリンス	89			310	172	154	118	190	460	15	102	20		0	0	103
3	0	11	9	あなたの氷室	104			300	316	298	208	208	370	15	105	20		0	0	106
3	0	11	10	あなたのウィッチ	89			390	262	118	154	172	460	15	68	20		0	0	90
3	0	11	11	あなたの霊堂	98			300	244	298	226	262	370	15	99	20		0	0	100
3	0	11	12	あなたのプリンス	89			310	172	154	118	190	460	15	102	20		0	0	103
3	0	11	13	遍鳥	76			140	208	190	172	172	118	15	74	20		0	0	77
3	0	11	14	遍凰	76			140	208	190	172	172	172	15	74	20	281	0	0	77
3	0	11	15	黒罠	206			230	191	191	191	191	337	15	0	21	282	0	0	94
3	0	12	1	粘菌	145			72	241	178	119	178	178	15	86	21		0	0	136
3	0	12	9	あなたの植物	83			728	231	351	254	390	293	15	113	20		0	0	114
3	0	12	10	あなたのアルラウネ	81			655	192	293	216	487	254	15	115	20		0	0	116
3	0	12	11	あなたの熱砂	70			728	270	235	390	390	235	15	71	20		0	0	72
3	0	12	12	あなたのサキュバス	73			825	270	235	216	351	119	15	117	20		0	0	118
3	0	13	1	ふつうのウィザード-0	203			230	128	173	319	191	246	2	74	21		0	0	75
3	0	13	2	あなたの水牢の罠	126			230	289	190	190	190	190	15	0	20		0	0	127
3	0	13	3	あなたの水路	104			300	379	280	280	226	280	15	128	20		0	0	129
3	0	13	4	あなたのクラウド	67			240	289	172	154	118	154	15	74	20		0	0	130
3	0	13	6	あなたの尖塔	64			300	379	298	298	208	226	15	131	20		0	0	132
3	0	13	7	あなたのアラームの罠	62			230	289	190	190	190	190	15	0	20		0	0	125
3	0	13	8	けもの	143			250	424	208	154	118	190		74	20		0	0	133
3	0	13	9	けもの	143			250	424	208	154	118	190		74	20		0	0	133
3	0	13	10	あなたのクラウド	67			240	289	172	154	118	154	15	74	20		0	0	130
3	0	13	11	あなたの尖塔	64			300	379	298	298	208	226	15	131	20		0	0	132
3	0	13	12	あなたのビースト	89			250	379	208	154	118	190	15	74	20		0	0	133
3	0	13	13	満ちる蒼水の立体迷宮	138			300	379	280	280	226	280	15	128	20		0	0	129
3	0	13	14	こねこ	142			250	424	208	154	118	190		74	20		0	0	133
3	0	13	15	こねこ	142			250	424	208	154	118	190		74	20		0	0	133
3	0	13	16	【トリエステ】大水槽	152			262	284	192	192	192	246		0	20	281	0	0	127
3	0	13	17	【トリエステ】大水槽	152			262	284	192	192	192	246		0	20	281	0	0	127
3	0	13	19	つめたーいの	138			300	325	298	208	208	370	15	105	20		0	0	106
3	0	14	2	ミニマル・テレポーター	139			230	191	283	337	191	118	15	0	21		0	0	63
3	0	14	3	壁のスイッチ	139			230	190	283	334	190	118		0	20		0	0	63
3	0	14	4	シルクのケープ	76			220	190	118	244	190	190		122	20		0	0	123
3	0	14	5	あなたの火炎放射の罠	60			230	190	190	334	190	190	15	0	20		0	0	61
3	0	14	6	あなたの瞬間移動の罠	62			230	190	280	334	190	118	15	0	20		0	0	63
3	0	14	7	手荒な歓迎	134			300	226	370	424	280	154		65	20		0	0	66
3	0	14	8	あなたのウィザード	73			230	118	172	370	190	244	15	74	20		0	0	75
3	0	14	9	あなたの電気床	64			300	226	370	424	280	154	15	65	20		0	0	66
3	0	14	11	あなたの熱砂	70			300	208	226	424	370	226	15	71	20		0	0	72
3	0	14	12	あなたのウィザード	73			230	118	172	370	190	244	15	74	20		0	0	75
3	0	14	13	シンプル・テレポーター	139			230	190	280	334	190	118	15	0	20		0	0	63
3	0	15	1	風の兵士	124			100	226	280	226	226	226		86	20		0	0	140
3	0	15	2	風の兵士	124			100	226	280	226	226	226		86	20		0	0	140
3	0	15	3	あなたの電気床	64			300	226	424	370	280	154	15	65	20		0	0	66
3	0	15	4	風の兵士	124			100	226	280	226	226	226		86	20		0	0	140
3	0	15	5	風の兵士	124			100	226	280	226	226	226		86	20		0	0	140
3	0	15	6	風の兵士	124			100	226	280	226	226	226		86	20		0	0	140
3	0	15	7	風の兵士	124			100	226	280	226	226	226		86	20		0	0	140
3	0	15	8	風の兵士	124			100	226	280	226	226	226		86	20		0	0	140
3	0	15	9	あなたの電気床	64			300	226	424	370	280	154	15	65	20		0	0	66
3	0	15	10	風の兵士	124			100	226	280	226	226	226		86	20		0	0	140
3	0	15	11	風の兵士	124			100	226	280	226	226	226		86	20		0	0	140
3	0	15	12	風の兵士	124			100	226	280	226	226	226		86	20		0	0	140
3	0	15	13	風の兵士	124			100	226	280	226	226	226	15	86	20		0	0	140
3	0	15	14	風の兵士	124			100	226	280	226	226	226		86	20		0	0	140
3	0	15	15	風の兵士	124			100	226	280	226	226	226		86	20		0	0	140
3	0	15	16	風の兵士	124			100	226	280	226	226	226		86	20		0	0	140
3	0	15	17	風の兵士	124			100	226	280	226	226	226		86	20		0	0	140
3	0	15	18	風の兵士	124			100	226	280	226	226	226		86	20		0	0	140
3	0	15	19	風の兵士	124			100	226	280	226	226	226		86	20		0	0	140
3	0	15	20	風の兵士	124			100	226	280	226	226	226		86	20		0	0	140
3	0	15	21	風の兵士	124			100	226	280	226	226	226		86	20		0	0	140
3	0	15	22	風の兵士	124			100	226	280	226	226	226		86	20		0	0	140
3	0	15	23	風の兵士	124			100	226	280	226	226	226		86	20		0	0	140
3	0	15	24	風の兵士	124			100	226	280	226	226	226		86	20		0	0	140
3	0	15	25	風の兵士	124			100	226	280	226	226	226		86	20		0	0	140
3	0	15	26	風の兵士	124			100	226	280	226	226	226		86	20		0	0	140
3	0	15	27	風の兵士	124			100	226	280	226	226	226		86	20		0	0	140
3	0	15	28	風の兵士	124			100	226	280	226	226	226		86	20		0	0	140
3	0	15	29	風の兵士	124			100	226	280	226	226	226		86	20		0	0	140
3	0	15	30	風の防御機構	134			300	229	424	370	280	154	15	65	20		0	0	66
3	0	16	1	あなたの睡眠ガスの罠	60			230	190	190	190	334	190	15	0	20		0	0	110
3	0	16	2	ふつうのアラームの罠-0	151			230	283	191	191	245	191	2	0	21		0	0	125
3	0	16	3	あなたの植物	83			300	172	334	244	424	280	15	113	20		0	0	114
3	0	16	5	あなたの睡眠ガスの罠	60			230	190	190	190	334	190	15	0	20		0	0	110
3	0	16	7	あなたの熱砂	70			300	208	226	370	424	226	15	71	20		0	0	72
3	0	16	9	あなたの植物	83			300	172	334	244	424	280	15	113	20		0	0	114
3	0	16	12	あなたのサキュバス	73			340	208	226	208	388	118	15	117	20		0	0	118
3	0	16	13	リリス・トリスメギストス	141			340	208	226	208	388	118	15	117	20		0	0	118
3	0	17	1	あなたの矢の罠	79			230	226	370	226	226	226	15	0	20		0	0	80
3	0	17	2	あなたの瞬間移動の罠	62			230	190	334	280	190	118	15	0	20		0	0	63
3	0	17	3	あなたの電気床	64			300	226	424	370	280	154	15	65	20		0	0	66
3	0	17	4	あなたのアーチャー	81			230	154	424	226	280	226	15	74	20		0	0	82
3	0	17	5	あなたの矢の罠	79			230	226	370	226	226	226	15	0	20		0	0	80
3	0	17	6	シンプル・テレポーター	139			230	190	280	334	190	118		0	20		0	0	63
3	0	17	7	あなたの迷宮	83			300	154	424	280	334	262	15	84	20		0	0	85
3	0	17	8	あなたのウィスプ	67			100	136	334	190	154	190	15	86	20		0	0	87
3	0	17	9	あなたの電気床	64			300	226	424	370	280	154	15	65	20		0	0	66
3	0	17	10	あなたのアーチャー	81			230	154	424	226	280	226	15	74	20		0	0	82
3	0	17	11	あなたの迷宮	83			300	154	424	280	334	262	15	84	20		0	0	85
3	0	17	12	あなたのウィスプ	67			100	136	334	190	154	190	15	86	20		0	0	87
3	0	17	13	Dunkelgrün	119			100	226	280	226	226	226	15	86	20		0	0	140
3	0	17	14	Sucher	134			300	370	352	298	208	226	15	131	20		0	0	132
3	0	17	15	ふつうの鉄鎖の罠-0	207			230	228	282	228	319	228	2	0	21		0	0	111
3	0	18	1	ふつうのアラームの罠-0	151			230	337	191	191	191	191	2	0	21		0	0	125
3	0	18	3	よくあるアラームの罠	139			230	334	190	190	190	190	15	0	20		0	0	125
3	0	18	4	あなたのクラウド	67			240	334	172	154	118	154	15	74	20		0	0	130
3	0	18	5	あなたの水牢の罠	126			230	334	190	190	190	190	15	0	20		0	0	127
3	0	18	6	あなたの尖塔	64			300	424	298	298	208	226	15	131	20		0	0	132
3	0	18	7	あなたのアラームの罠	62			230	334	190	190	190	190	15	0	20		0	0	125
3	0	18	8	あなたのビースト	89			250	424	208	154	118	190	15	74	20		0	0	133
3	0	18	9	あなたの水路	104			300	424	280	280	226	280	15	128	20		0	0	129
3	0	18	12	あなたのビースト	89			250	424	208	154	118	190	15	74	20		0	0	133
3	0	18	13	よくいるビースト	142			250	424	208	154	118	190	15	74	20		0	0	133
3	0	19	1	あなたのアラームの罠	62			230	334	190	190	193	190	15	0	20		0	0	125
3	0	19	2	あなたの水牢の罠	126			230	334	190	190	193	190	15	0	20		0	0	127
3	0	19	3	あなたの水路	104			300	424	280	280	229	280	15	128	20		0	0	129
3	0	19	4	あなたのクラウド	67			240	334	172	154	121	154	15	74	20		0	0	130
3	0	19	5	あなたの水牢の罠	126			230	334	190	190	193	190	15	0	20		0	0	127
3	0	19	6	あなたの尖塔	64			300	424	298	298	211	226	15	131	20		0	0	132
3	0	19	7	あなたのアラームの罠	62			230	334	190	190	193	190	15	0	20		0	0	125
3	0	19	8	あなたのサキュバス	73			340	208	226	208	388	121	15	117	20	110	0	0	118
3	0	19	9	あなたの水路	104			300	424	280	280	229	280	15	128	20		0	0	129
3	0	19	10	あなたのクラウド	67			240	334	172	154	121	154	15	74	20		0	0	130
3	0	19	11	あなたの尖塔	64			300	424	298	298	211	226	15	131	20		0	0	132
3	0	19	13	古きけもの『ダイアーウルフ』	143			250	424	208	154	121	190	15	74	20		0	0	133
3	0	19	30	わるものせんし『もののふ』	124			100	282	228	228	238	228	15	86	21		0	0	140
3	0	20	1	カタバミ	203			100	191	173	345	194	118	15	86	21		0	0	192
3	0	20	2	あなたの瞬間移動の罠	62			230	190	280	334	190	118	15	0	20		0	0	63
3	0	20	3	あなたの電気床	64			300	226	370	424	280	154	15	65	20		0	0	66
3	0	20	4	あなたのマシン	67			360	154	370	424	154	118	15	68	20		0	0	69
3	0	20	5	あなたの火炎放射の罠	60			230	190	190	334	190	190	15	0	20		0	0	61
3	0	20	6	あなたの瞬間移動の罠	62			230	190	280	334	190	118	15	0	20		0	0	63
3	0	20	7	あなたの熱砂	70			300	208	226	424	370	226	15	71	20		0	0	72
3	0	20	8	あなたのウィザード	73			230	118	172	370	190	244	15	74	20		0	0	75
3	0	20	9	あなたの電気床	64			300	226	370	424	280	154	15	65	20		0	0	66
3	0	20	12	あなたのウィザード	73			230	118	172	370	190	244	15	74	20		0	0	75
3	0	20	13	火吹き草の畑	144			230	190	190	334	190	190	15	0	20		0	0	61
3	0	20	15	火吹き草の畑	144			230	190	190	334	190	190		0	20		0	0	61
3	0	20	16	火吹き草の畑	144			230	190	190	334	190	190		0	20		0	0	61
3	0	21	1	あなたの矢の罠	79			230	226	316	280	226	226	15	0	20		0	0	80
3	0	21	2	あなたの瞬間移動の罠	62			230	190	280	334	190	118	15	0	20		0	0	63
3	0	21	3	あなたの電気床	64			300	226	370	424	280	154	15	65	20		0	0	66
3	0	21	4	あなたのアーチャー	81			230	154	370	280	280	226	15	74	20		0	0	82
3	0	21	5	あなたの矢の罠	79			230	226	316	280	226	226	15	0	20		0	0	80
3	0	21	6	あなたの瞬間移動の罠	62			230	190	280	334	190	118	15	0	20		0	0	63
3	0	21	7	あなたの迷宮	83			300	154	370	334	334	262	15	84	20		0	0	85
3	0	21	8	あなたのウィスプ	67			100	136	280	244	154	190	15	86	20		0	0	87
3	0	21	9	あなたの電気床	64			300	226	370	424	280	154	15	65	20		0	0	66
3	0	21	10	あなたのアーチャー	81			230	154	370	280	280	226	15	74	20		0	0	82
3	0	21	11	あなたの迷宮	83			300	154	370	334	334	262	15	84	20		0	0	85
3	0	21	12	あなたのウィスプ	67			100	136	280	244	154	190	15	86	20		0	0	87
3	0	21	13	ふつうのプリンセス-0	145			260	118	208	262	208	208	2	68	20		0	0	146
3	0	21	14	Sa01	203			100	190	172	334	190	118		86	20		0	0	192
3	0	21	15	Sa01	203			100	190	172	334	190	118		86	20		0	0	192
3	0	21	16	火吹き草の畑	144			230	190	190	334	190	190		0	20		0	0	61
3	0	21	17	火吹き草の畑	144			230	190	190	334	190	190		0	20		0	0	61
3	0	21	18	リリス・トリスメギストス	141			340	208	226	208	388	118		117	20		0	0	118
3	0	21	19	Sa01	203			100	190	172	334	190	118		86	20		0	0	192
3	0	21	20	火吹き草の畑	144			230	190	190	334	190	190		0	20		0	0	61
3	0	21	22	リリス・トリスメギストス	141			340	208	226	208	388	118		117	20		0	0	118
3	0	21	23	マッスィーン	135			360	154	373	424	154	118		68	20		0	0	69
3	0	21	24	Sa01	203			100	190	172	334	190	118		86	20		0	0	192
3	0	21	30	か-02	144			230	191	191	346	191	191	15	0	21		0	0	61
3	0	22	1	あなたの火炎放射の罠	60			230	190	190	280	190	190	15	0	20		0	0	61
3	0	22	2	あなたの瞬間移動の罠	62			230	190	280	280	190	118	15	0	20		0	0	63
3	0	22	3	あなたの電気床	64			300	226	370	370	280	154	15	65	20		0	0	66
3	0	22	4	あなたのマシン	67			360	154	370	370	154	118	15	68	20		0	0	69
3	0	22	5	あなたの火炎放射の罠	60			230	190	190	280	190	190	15	0	20		0	0	61
3	0	22	6	あなたの瞬間移動の罠	62			230	190	280	280	190	118	15	0	20		0	0	63
3	0	22	7	あなたの熱砂	70			300	208	226	370	370	226	15	71	20		0	0	72
3	0	22	8	あなたのウィザード	73			230	118	172	316	190	244	15	74	20		0	0	75
3	0	22	9	あなたの電気床	64			300	226	370	370	280	154	15	65	20		0	0	66
3	0	22	10	あなたのマシン	67			360	154	370	370	154	118	15	68	20		0	0	69
3	0	22	11	あなたの熱砂	70			300	208	226	370	370	226	15	71	20		0	0	72
3	0	22	12	あなたのウィザード	73			230	118	172	316	190	244	15	74	20		0	0	75
3	0	22	13	ふりだしにもどる	139			230	190	280	280	190	118	15	0	20		0	0	63
3	0	22	14	ふつうのエンジェル-0	76			220	190	118	190	190	190	2	122	20		0	0	123
3	0	22	15	ふつうのマシン-0	135			360	154	374	374	154	118	2	68	21		0	0	69
3	0	23	1	あなたのアラームの罠	62			230	334	190	190	190	190	15	0	20		0	0	125
3	0	23	2	あなたの水牢の罠	126			230	334	190	190	190	190	15	0	20		0	0	127
3	0	23	3	あなたの水路	104			300	424	280	280	226	280	15	128	20		0	0	129
3	0	23	4	あなたのクラウド	67			240	334	172	154	118	154	15	74	20		0	0	130
3	0	23	5	あなたの水牢の罠	126			230	334	190	190	190	190	15	0	20		0	0	127
3	0	23	6	あなたの尖塔	64			300	424	298	298	208	226	15	131	20		0	0	132
3	0	23	7	あなたのアラームの罠	62			230	334	190	190	190	190	15	0	20		0	0	125
3	0	23	8	あなたのビースト	89			250	424	208	154	118	190	15	74	20		0	0	133
3	0	23	9	あなたの水路	104			300	424	280	280	226	280	15	128	20		0	0	129
3	0	23	10	あなたのクラウド	67			240	334	172	154	118	154	15	74	20		0	0	130
3	0	23	11	あなたの尖塔	64			300	424	298	298	208	226	15	131	20		0	0	132
3	0	23	12	あなたのビースト	89			250	424	208	154	118	190	15	74	20		0	0	133
3	0	23	13	こねこ	142			250	424	208	154	118	190	15	74	20		0	0	133
3	0	23	14	こねこ	142			250	424	208	154	118	190		74	20		0	0	133
3	0	23	15	こねこ	142			250	424	208	154	118	190		74	20		0	0	133
3	0	23	16	こねこ	142			250	424	208	154	118	190		74	20		0	0	133
3	0	23	17	こねこ	142			250	424	208	154	118	190		74	20		0	0	133
3	0	23	19	ふつうのアラームの罠-0	139			230	280	190	190	190	190		0	20		0	0	125
3	0	23	20	こねこ	142			250	424	208	154	118	190		74	20		0	0	133
3	0	23	21	いぬしっぽ	134			385	433	304	304	211	230		131	20		0	0	132
3	0	23	30	ここねこ	139			230	334	190	190	190	190	15	0	20		0	0	125
3	0	24	1	あなたのアラームの罠	62			230	286	208	190	190	190	15	0	20		0	0	125
3	0	24	2	あなたの水牢の罠	126			230	286	208	190	190	190	15	0	20		0	0	127
3	0	24	3	あなたの水路	104			300	376	298	280	226	280	15	128	20		0	0	129
3	0	24	4	あなたのクラウド	67			240	286	190	154	118	154	15	74	20		0	0	130
3	0	24	5	あなたの水牢の罠	126			230	286	208	190	190	190	15	0	20		0	0	127
3	0	24	6	あなたの尖塔	64			300	376	316	298	208	226	15	131	20		0	0	132
3	0	24	7	あなたのアラームの罠	62			230	286	208	190	190	190	15	0	20		0	0	125
3	0	24	8	あなたのビースト	89			250	376	226	154	118	190	15	74	20		0	0	133
3	0	24	9	あなたの水路	104			300	376	298	280	226	280	15	128	20		0	0	129
3	0	24	10	ふつうのゴースト-0	142			100	286	244	118	172	154	2	86	20		0	0	191
3	0	24	11	あなたの尖塔	64			300	376	316	298	208	226	15	131	20		0	0	132
3	0	24	12	あなたのビースト	89			250	376	226	154	118	190	15	74	20		0	0	133
3	0	24	13	どれいアーチャー	124			230	160	388	226	280	226	15	74	20		0	0	82
3	0	24	14	ふつうのアルラウネ-0	124			270	142	301	209	466	246	2	115	21		0	0	116
3	0	25	1	あなたの暗黒の罠	93			230	190	190	190	190	334	15	0	20	281	0	0	94
3	0	25	2	あなたの変化の罠	93			230	190	190	190	190	334	15	0	20	281	0	0	97
3	0	25	3	あなたの氷室	104			300	316	298	208	208	424	15	105	20	281	0	0	106
3	0	25	4	あなたのウィッチ	89			390	262	118	154	172	514	15	68	20	281	0	0	90
3	0	25	5	あなたの暗黒の罠	93			230	190	190	190	190	334	15	0	20	281	0	0	94
3	0	25	6	あなたの変化の罠	93			230	190	190	190	190	334	15	0	20	281	0	0	97
3	0	25	7	あなたの霊堂	98			300	244	298	226	262	424	15	99	20	281	0	0	100
3	0	25	8	あなたのプリンス	89			310	172	154	118	190	514	15	102	20	281	0	0	103
3	0	25	9	あなたの氷室	104			300	316	298	208	208	424	15	105	20	281	0	0	106
3	0	25	10	あなたのウィッチ	89			390	262	118	154	172	514	15	68	20	281	0	0	90
3	0	25	11	あなたの霊堂	98			300	244	298	226	262	424	15	99	20	281	0	0	100
3	0	25	12	あなたのプリンス	89			310	172	154	118	190	514	15	102	20	281	0	0	103
3	0	25	13	崩壊した祭壇	147			300	244	298	226	262	424	15	99	20	281	0	0	100
3	0	25	14	淵からの先触れ	145			30	172	172	118	172	226	15	86	20	281	0	0	136
3	0	25	15	灯篭	76			30	172	172	118	226	172		86	20		0	0	136
3	0	25	16	リンネルの羽根	76			220	190	118	244	190	190		122	20		0	0	123
3	0	25	17	騎士を任じられたもの	124			100	228	228	228	228	290	15	86	21	309	0	0	140
3	0	25	18	ふつうのゴースト-0	142			100	280	226	118	172	208		86	20	282	0	0	191
3	0	26	1	ふつうのエンジェル-0	76			220	190	118	190	244	190		122	20		0	0	123
3	0	26	2	あなたの変化の罠	93			230	190	190	190	190	334	15	0	20	281	0	0	97
3	0	26	3	ふつうのエンジェル-0	76			220	190	118	190	244	190		122	20		0	0	123
3	0	26	4	あなたのウィッチ	89			390	262	118	154	172	514	15	68	20	281	0	0	90
3	0	26	5	あなたの暗黒の罠	93			230	190	190	190	190	334	15	0	20	281	0	0	94
3	0	26	6	あなたの変化の罠	93			230	190	190	190	190	334	15	0	20	281	0	0	97
3	0	26	7	あなたの霊堂	98			300	244	298	226	262	424	15	99	20	281	0	0	100
3	0	26	8	あなたのプリンス	89			310	172	154	118	190	514	15	102	20	281	0	0	103
3	0	26	9	あなたの氷室	104			300	316	298	208	208	424	15	105	20	281	0	0	106
3	0	26	10	あなたのウィッチ	89			390	262	118	154	172	514	15	68	20	281	0	0	90
3	0	26	11	あなたの霊堂	98			300	244	298	226	262	424	15	99	20	281	0	0	100
3	0	26	12	あなたのプリンス	89			310	172	154	118	190	514	15	102	20	281	0	0	103
3	0	26	13	雲に降りる影	124			400	118	298	190	460	478	15	68	20	281	0	0	120
3	0	26	14	雲に降りる影	124			400	118	298	190	460	478		68	20	281	0	0	120
3	0	26	15	雲に降りる影	124			400	118	298	190	460	478		68	20	281	0	0	120
3	0	26	16	雲に降りる影	124			400	118	298	190	460	478		68	20	281	0	0	120
3	0	26	17	雲に降りる影	124			400	118	298	190	460	478		68	20	281	0	0	120
3	0	26	18	雲に降りる影	124			400	118	298	190	460	478		68	20	281	0	0	120
3	0	26	19	雲に降りる影	124			400	118	298	190	460	478		68	20	281	0	0	120
3	0	26	20	ふつうのエンジェル-0	76			220	190	118	190	244	190		122	20		0	0	123
3	0	26	21	プリンス(♀)	143			310	172	154	118	190	514	15	102	20	282	0	0	103
3	0	26	22	ふつうのエンジェル-0	76			220	190	118	190	244	190		122	20		0	0	123
3	0	26	23	プリンス(♀)	143			310	172	154	118	190	514		102	20	282	0	0	103
3	0	26	24	プリンセス（♂）	76			260	118	209	209	209	272	15	68	21	310	0	0	146
3	0	26	25	プリンス(♀)	143			310	172	154	118	190	514		102	20	282	0	0	103
3	0	26	26	プリンス(♀)	143			310	172	154	118	190	514		102	20	282	0	0	103
3	0	27	1	あなたの睡眠ガスの罠	60			230	203	190	190	319	190	15	0	20		0	0	110
3	0	27	2	あなたの鉄鎖の罠	79			230	239	226	226	355	226	15	0	20		0	0	111
3	0	27	3	あなたの植物	83			300	185	334	244	409	280	15	113	20		0	0	114
3	0	27	4	あなたのアルラウネ	81			270	149	280	208	499	244	15	115	20		0	0	116
3	0	27	5	あなたの睡眠ガスの罠	60			230	203	190	190	319	190	15	0	20		0	0	110
3	0	27	6	あなたの鉄鎖の罠	79			230	239	226	226	355	226	15	0	20		0	0	111
3	0	27	7	あなたの熱砂	70			300	221	226	370	409	226	15	71	20		0	0	72
3	0	27	8	あなたのサキュバス	73			340	221	226	208	373	118	15	117	20		0	0	118
3	0	27	9	あなたの植物	83			300	185	334	244	409	280	15	113	20		0	0	114
3	0	27	10	あなたのアルラウネ	81			270	149	280	208	499	244	15	115	20		0	0	116
3	0	27	11	あなたの熱砂	70			300	221	226	370	409	226	15	71	20		0	0	72
3	0	27	12	あなたのサキュバス	73			340	221	226	208	373	118	15	117	20		0	0	118
3	0	27	13	セレナ	141			340	221	226	208	373	118	15	117	20		0	0	118
3	0	27	14	ふつうの迷宮-0	202			300	168	370	280	373	262	2	84	20		0	0	85
3	0	27	15	ふつうのビースト-0	142			250	388	209	154	157	191	2	74	21		0	0	133
3	0	28	1	あなたの矢の罠	79			262	229	321	229	229	229	15	0	20		0	0	80
3	0	28	2	あなたの瞬間移動の罠	62			262	192	284	284	192	118	15	0	20		0	0	63
3	0	28	3	あなたの電気床	64			342	229	376	376	284	155	15	65	20		0	0	66
3	0	28	4	あなたのアーチャー	81			262	155	376	229	284	229	15	74	20		0	0	82
3	0	28	5	あなたの矢の罠	79			262	229	321	229	229	229	15	0	20		0	0	80
3	0	28	6	あなたの瞬間移動の罠	62			262	192	284	284	192	118	15	0	20		0	0	63
3	0	28	7	あなたの迷宮	83			342	155	376	284	339	265	15	84	20		0	0	85
3	0	28	8	あなたのウィスプ	67			114	136	284	192	155	192	15	86	20		0	0	87
3	0	28	9	あなたの電気床	64			342	229	376	376	284	155	15	65	20		0	0	66
3	0	28	10	あなたのアーチャー	81			262	155	376	229	284	229	15	74	20		0	0	82
3	0	28	11	あなたの迷宮	83			342	155	376	284	339	265	15	84	20		0	0	85
3	0	28	12	あなたのウィスプ	67			114	136	284	192	155	192	15	86	20		0	0	87
3	0	28	13	お城の縛ってくるやつ	149			262	229	229	229	321	229	15	0	20		0	0	111
3	0	28	14	ふつうのアラームの罠-0	139			230	283	214	191	191	191	2	0	21		0	0	125
3	0	29	1	あなたの火炎放射の罠	60			230	190	193	334	190	190	15	0	20		0	0	61
3	0	29	3	あなたの電気床	64			300	226	373	424	280	154	15	65	20		0	0	66
3	0	29	4	あなたのマシン	67			360	154	373	424	154	118	15	68	20		0	0	69
3	0	29	6	あなたの瞬間移動の罠	62			230	190	283	334	190	118	15	0	20		0	0	63
3	0	29	7	あなたの熱砂	70			300	208	229	424	370	226	15	71	20		0	0	72
3	0	29	8	あなたのウィザード	73			230	118	175	370	190	244	15	74	20		0	0	75
3	0	29	9	あなたの電気床	64			300	226	373	424	280	154	15	65	20		0	0	66
3	0	29	10	あなたのマシン	67			360	154	373	424	154	118	15	68	20		0	0	69
3	0	29	11	あなたの熱砂	70			300	208	229	424	370	226	15	71	20		0	0	72
3	0	29	12	あなたのウィザード	73			230	118	175	370	190	244	15	74	20		0	0	75
3	0	29	13	マッスィーン	135			360	154	373	424	154	118	15	68	20		0	0	69
3	0	29	14	Rainmaker	141			400	118	118	424	208	373		68	20	110	0	0	150
3	0	29	15	シンプル・テレポーター	139			230	190	280	334	190	118		0	20		0	0	63
3	0	29	16	シンプル・テレポーター	139			230	190	280	334	190	118		0	20		0	0	63
3	0	29	17	シンプル・テレポーター	139			230	190	280	334	190	118		0	20		0	0	63
3	0	29	18	シンプル・テレポーター	139			230	190	280	334	190	118		0	20		0	0	63
3	0	29	19	壁のスイッチ	139			230	190	283	334	190	118	15	0	20		0	0	63
3	0	30	1	あなたの暗黒の罠	93			230	190	190	190	190	280	15	0	20		0	0	94
3	0	30	2	あなたの変化の罠	93			230	190	190	190	190	280	15	0	20		0	0	97
3	0	30	3	あなたの氷室	104			300	316	298	208	208	370	15	105	20		0	0	106
3	0	30	4	あなたのウィッチ	89			390	262	118	154	172	460	15	68	20		0	0	90
3	0	30	5	あなたの暗黒の罠	93			230	190	190	190	190	280	15	0	20		0	0	94
3	0	30	6	あなたの変化の罠	93			230	190	190	190	190	280	15	0	20		0	0	97
3	0	30	7	あなたの霊堂	98			300	244	298	226	262	370	15	99	20		0	0	100
3	0	30	8	あなたのプリンス	89			310	172	154	118	190	460	15	102	20		0	0	103
3	0	30	9	あなたの氷室	104			300	316	298	208	208	370	15	105	20		0	0	106
3	0	30	10	あなたのウィッチ	89			390	262	118	154	172	460	15	68	20		0	0	90
3	0	30	11	あなたの霊堂	98			300	244	298	226	262	370	15	99	20		0	0	100
3	0	30	12	あなたのプリンス	89			310	172	154	118	190	460	15	102	20		0	0	103
3	0	30	13	ふつうのハーピィ-0	76			140	208	190	172	172	118	2	74	20		0	0	77
3	0	30	14	ふつうのウィッチ-0	143			390	262	118	154	172	460	2	68	20		0	0	90
3	0	30	15	ふつうのアラームの罠-0	139			230	283	191	191	191	191	2	0	21		0	0	125
3	0	31	1	あなたの睡眠ガスの罠	60			230	190	190	190	334	190	15	0	20		0	0	110
3	0	31	2	あなたの鉄鎖の罠	79			230	226	226	226	370	226	15	0	20		0	0	111
3	0	31	3	あなたの植物	83			300	172	334	244	424	280	15	113	20		0	0	114
3	0	31	4	あなたのアルラウネ	81			270	136	280	208	514	244	15	115	20		0	0	116
3	0	31	5	あなたの睡眠ガスの罠	60			230	190	190	190	334	190	15	0	20		0	0	110
3	0	31	6	あなたの鉄鎖の罠	79			230	226	226	226	370	226	15	0	20		0	0	111
3	0	31	7	あなたの熱砂	70			300	208	226	370	424	226	15	71	20		0	0	72
3	0	31	8	あなたのサキュバス	73			340	208	226	208	388	118	15	117	20		0	0	118
3	0	31	9	あなたの植物	83			300	172	334	244	424	280	15	113	20		0	0	114
3	0	31	10	あなたのアルラウネ	81			270	136	280	208	514	244	15	115	20		0	0	116
3	0	31	11	あなたの熱砂	70			300	208	226	370	424	226	15	71	20		0	0	72
3	0	31	12	あなたのサキュバス	73			340	208	226	208	388	118	15	117	20		0	0	118
3	0	31	13	紅衣の老巨人	119			400	118	298	190	514	424	15	68	20		0	0	120
3	0	31	14	鯛を抱く老巨人	119			400	118	298	190	514	424	15	68	20		0	0	120
3	0	31	16	ポインセチアのアルラウネ	119			270	136	283	209	520	246	15	115	21		0	0	116
3	0	32	1	あなたの睡眠ガスの罠	60			230	190	190	190	280	244	15	0	20	281	0	0	110
3	0	32	2	あなたの鉄鎖の罠	79			230	226	226	226	316	280	15	0	20	281	0	0	111
3	0	32	3	あなたの植物	83			300	172	334	244	370	334	15	113	20	281	0	0	114
3	0	32	4	あなたのアルラウネ	81			270	136	280	208	460	298	15	115	20	281	0	0	116
3	0	32	5	あなたの睡眠ガスの罠	60			230	190	190	190	280	244	15	0	20	281	0	0	110
3	0	32	6	あなたの鉄鎖の罠	79			230	226	226	226	316	280	15	0	20	281	0	0	111
3	0	32	7	あなたの熱砂	70			300	208	226	370	370	280	15	71	20	281	0	0	72
3	0	32	8	あなたのサキュバス	73			340	208	226	208	334	172	15	117	20	281	0	0	118
3	0	32	9	あなたの植物	83			300	172	334	244	370	334	15	113	20	281	0	0	114
3	0	32	10	あなたのアルラウネ	81			270	136	280	208	460	298	15	115	20	281	0	0	116
3	0	32	11	あなたの熱砂	70			300	208	226	370	370	280	15	71	20	281	0	0	72
3	0	32	12	あなたのサキュバス	73			340	208	226	208	334	172	15	117	20	281	0	0	118
3	0	32	13	ふつうの睡眠ガスの罠-0	144			230	190	190	190	280	244	2	0	20	281	0	0	110
3	0	32	14	術殺し	193			230	190	190	190	190	334	15	0	20	282	0	0	194
3	0	32	15	降り注ぐ雨	149			230	229	316	226	226	280		0	20	281	0	0	80
3	0	32	16	降り注ぐ雨	149			230	229	316	226	226	280		0	20	281	0	0	80
3	0	32	17	Dunkelgrün	119			100	226	280	226	226	226		86	20		0	0	140
3	0	32	18	ふつうの瞬間移動の罠-0	139			230	191	283	283	191	172	2	0	21	282	0	0	63
3	0	32	20	紅衣の老巨人	119			400	118	298	190	514	424		68	20		0	0	120
3	0	32	22	紅衣の老巨人	119			400	118	298	190	514	424		68	20		0	0	120
3	0	32	25	満ちる蒼水の立体迷宮	138			300	379	280	280	226	280		128	20		0	0	129
3	0	32	26	満ちる蒼水の立体迷宮	138			300	379	280	280	226	280		128	20		0	0	129
3	0	32	27	紅衣の老巨人	119			400	118	298	190	514	424		68	20		0	0	120
3	0	32	28	紅衣の老巨人	119			400	118	298	190	514	424		68	20		0	0	120
3	0	32	29	おしおきべや	78			557	119	119	119	119	173		0	20	281	0	0	107
3	0	32	30	おしおきべや	78			557	119	119	119	119	173		0	20	281	0	0	107
3	0	33	1	ふつうのウィッチ-0	142			390	319	118	154	173	466	2	68	21		0	0	90
3	0	33	3	あなたの水路	104			300	424	280	280	226	280	15	128	20		0	0	129
3	0	33	4	あなたのクラウド	67			240	334	172	154	118	154	15	74	20		0	0	130
3	0	33	5	あなたの水牢の罠	126			230	334	190	190	190	190	15	0	20		0	0	127
3	0	33	6	あなたの尖塔	64			300	424	298	298	208	226	15	131	20		0	0	132
3	0	33	7	あなたのアラームの罠	62			230	334	190	190	190	190	15	0	20		0	0	125
3	0	33	10	あなたのクラウド	67			240	334	172	154	118	154	15	74	20		0	0	130
3	0	33	11	あなたの尖塔	64			300	424	298	298	208	226	15	131	20		0	0	132
3	0	33	13	けもの	143			250	424	208	154	118	190	15	74	20		0	0	133
3	0	34	1	あなたの火炎放射の罠	60			230	190	190	334	190	193	15	0	20	110	0	0	61
3	0	34	2	あなたの瞬間移動の罠	62			230	190	280	334	190	121	15	0	20	110	0	0	63
3	0	34	3	あなたの電気床	64			300	226	370	424	280	157	15	65	20	110	0	0	66
3	0	34	4	あなたのマシン	67			360	154	370	424	154	121	15	68	20	110	0	0	69
3	0	34	5	シンプル・テレポーター	139			230	190	280	334	190	118		0	20		0	0	63
3	0	34	6	あなたの瞬間移動の罠	62			230	190	280	334	190	121	15	0	20	110	0	0	63
3	0	34	7	あなたの熱砂	70			300	208	226	424	370	229	15	71	20	110	0	0	72
3	0	34	8	あなたのウィザード	73			230	118	172	370	190	247	15	74	20	110	0	0	75
3	0	34	9	あなたの電気床	64			300	226	370	424	280	157	15	65	20	110	0	0	66
3	0	34	10	あなたのマシン	67			360	154	370	424	154	121	15	68	20	110	0	0	69
3	0	34	11	あなたの熱砂	70			300	208	226	424	370	229	15	71	20	110	0	0	72
3	0	34	12	あなたのウィザード	73			230	118	172	370	190	247	15	74	20	110	0	0	75
3	0	34	13	Rainmaker	141			400	118	118	424	208	373	15	68	20	110	0	0	150
3	0	34	14	シンプル・テレポーター	139			230	190	280	334	190	118		0	20		0	0	63
3	0	34	16	壁内転送装置	139			558	198	296	351	198	122	15	0	21	111	0	0	63
3	0	34	18	シンプル・テレポーター	139			230	190	280	334	190	118		0	20		0	0	63
3	0	34	19	シンプル・テレポーター	139			230	190	280	334	190	118		0	20		0	0	63
3	0	34	20	シンプル・テレポーター	139			230	190	280	334	190	118		0	20		0	0	63
3	0	34	21	真英・ガリア対人火炎放射	153			230	190	190	334	190	190		0	20		0	0	61
3	0	34	22	真英・ガリア対人火炎放射	153			230	190	190	334	190	190		0	20		0	0	61
3	0	34	23	真英・ガリア対人火炎放射	153			230	190	190	334	190	190		0	20		0	0	61
3	0	34	24	Rainmaker	141			400	118	118	424	208	373		68	20	110	0	0	150
3	0	34	25	Rainmaker	141			400	118	118	424	208	373		68	20	110	0	0	150
3	0	34	26	マッスィーン	135			360	154	373	424	154	118		68	20		0	0	69
3	0	34	27	シンプル・テレポーター	139			230	190	280	334	190	118		0	20		0	0	63
3	0	34	28	シンプル・テレポーター	139			230	190	280	334	190	118		0	20		0	0	63
3	0	34	29	シンプル・テレポーター	139			230	190	280	334	190	118		0	20		0	0	63
3	0	34	30	シンプル・テレポーター	139			230	190	280	334	190	118		0	20		0	0	63
3	0	35	1	あなたの睡眠ガスの罠	60			230	190	190	190	280	190	15	0	20		0	0	110
3	0	35	2	あなたの鉄鎖の罠	79			230	226	226	226	316	226	15	0	20		0	0	111
3	0	35	3	あなたの植物	83			300	172	334	244	370	280	15	113	20		0	0	114
3	0	35	4	あなたのアルラウネ	81			270	136	280	208	460	244	15	115	20		0	0	116
3	0	35	5	あなたの睡眠ガスの罠	60			230	190	190	190	280	190	15	0	20		0	0	110
3	0	35	6	あなたの鉄鎖の罠	79			230	226	226	226	316	226	15	0	20		0	0	111
3	0	35	7	あなたの熱砂	70			300	208	226	370	370	226	15	71	20		0	0	72
3	0	35	8	あなたのサキュバス	73			340	208	226	208	334	118	15	117	20		0	0	118
3	0	35	9	あなたの植物	83			300	172	334	244	370	280	15	113	20		0	0	114
3	0	35	10	あなたのアルラウネ	81			270	136	280	208	460	244	15	115	20		0	0	116
3	0	35	11	あなたの熱砂	70			300	208	226	370	370	226	15	71	20		0	0	72
3	0	35	12	あなたのサキュバス	73			340	208	226	208	334	118	15	117	20		0	0	118
3	0	35	13	ふつうの瞬間移動の罠-0	151			230	190	280	280	190	118	2	0	20		0	0	63
3	0	35	14	ふつうのウィザード-0	141			230	118	172	316	190	244	2	74	20		0	0	75
3	0	35	15	ふつうのアラームの罠-0	151			230	280	190	190	190	190	2	0	20		0	0	125
3	0	35	16	ふつうの電気床-0	154			300	228	374	374	283	154	2	65	21		0	0	66
3	0	36	1	熟したばなな	141			340	208	226	208	396	118		117	20		0	0	118
3	0	36	2	アロートラップ	149			230	226	316	280	226	226		0	20		0	0	80
3	0	36	3	あなたの電気床	64			300	226	370	370	280	154	15	65	20		0	0	66
3	0	36	4	あなたのマシン	67			360	154	370	370	154	118	15	68	20		0	0	69
3	0	36	5	あなたの火炎放射の罠	60			230	190	190	280	190	190	15	0	20		0	0	61
3	0	36	6	あなたの瞬間移動の罠	62			230	190	280	280	190	118	15	0	20		0	0	63
3	0	36	7	あなたの熱砂	70			300	208	226	370	370	226	15	71	20		0	0	72
3	0	36	8	アロートラップ	149			230	226	316	280	226	226		0	20		0	0	80
3	0	36	10	あなたのマシン	67			360	154	370	370	154	118	15	68	20		0	0	69
3	0	36	11	いぬ	143			285	431	210	155	118	192		74	20		0	0	133
3	0	36	12	ふつうのウィッチ-0	142			390	262	118	154	172	460	2	68	20		0	0	90
3	0	36	13	ふつうのアラームの罠-0	139			230	280	190	190	190	190	2	0	20		0	0	125
3	0	37	4	あなたのウィッチ	89			445	265	118	155	173	522	15	68	20	281	0	0	90
3	0	37	5	あなたの暗黒の罠	93			262	192	192	192	192	338	15	0	20	281	0	0	94
3	0	37	6	あなたの変化の罠	93			262	192	192	192	192	338	15	0	20	281	0	0	97
3	0	37	7	あなたの霊堂	98			342	247	302	229	265	430	15	99	20	281	0	0	100
3	0	37	8	あなたのプリンス	89			354	173	155	118	192	522	15	102	20	281	0	0	103
3	0	37	9	あなたの氷室	104			342	321	302	210	210	430	15	105	20	281	0	0	106
3	0	37	10	あなたのウィッチ	89			445	265	118	155	173	522	15	68	20	281	0	0	90
3	0	37	11	あなたの霊堂	98			342	247	302	229	265	430	15	99	20	281	0	0	100
3	0	37	12	あなたのプリンス	89			354	173	155	118	192	522	15	102	20	281	0	0	103
3	0	37	13	【トリエステ】大水槽	152			262	284	192	192	192	246	15	0	20	281	0	0	127
3	0	37	14	あなたのアラームの罠	62			230	289	190	190	190	190	15	0	20		0	0	125
3	0	37	16	あなたの氷室	104			300	316	298	208	208	424	15	105	20	281	0	0	106
3	0	37	17	【トリエステ】ドーム状水槽	200			728	390	293	293	235	347	15	128	20	282	0	0	129
3	0	38	1	あなたの暗黒の罠	93			230	190	190	244	190	280	15	0	20		0	0	94
3	0	38	2	あなたの変化の罠	93			230	190	190	244	190	280	15	0	20		0	0	97
3	0	38	3	あなたの氷室	104			300	316	298	262	208	370	15	105	20		0	0	106
3	0	38	4	あなたのウィッチ	89			390	262	118	208	172	460	15	68	20		0	0	90
3	0	38	5	ウールのセーター	76			220	191	118	245	191	191	15	122	21		0	0	123
3	0	38	6	鯛を抱く老巨人	119			400	118	298	190	514	424		68	20		0	0	120
3	0	38	7	あなたの霊堂	98			300	244	298	280	262	370	15	99	20		0	0	100
3	0	38	8	あなたのプリンス	89			310	172	154	172	190	460	15	102	20		0	0	103
3	0	38	9	鯛を抱く老巨人	119			400	118	298	190	514	424		68	20		0	0	120
3	0	38	10	ふつうのエンジェル-0	76			220	190	118	190	244	190		122	20		0	0	123
3	0	38	11	鯛を抱く老巨人	119			400	118	298	190	514	424		68	20		0	0	120
3	0	38	12	ふつうのエンジェル-0	76			220	190	118	190	244	190		122	20		0	0	123
3	0	38	13	リンネルの羽根	76			220	190	118	244	190	190	15	122	20		0	0	123
3	0	38	14	リンネルの羽根	76			220	190	118	244	190	190		122	20		0	0	123
3	0	38	15	リンネルの羽根	76			220	190	118	244	190	190		122	20		0	0	123
3	0	38	16	リンネルの羽根	76			220	190	118	244	190	190		122	20		0	0	123
3	0	38	17	灯篭	76			30	172	172	118	226	172		86	20		0	0	136
3	0	38	18	灯篭	76			30	172	172	118	226	172		86	20		0	0	136
3	0	38	19	シルクのケープ	76			220	190	118	244	190	190	15	122	20		0	0	123
3	0	38	20	風の兵士	124			100	226	280	226	226	226		86	20		0	0	140
3	0	38	21	風の兵士	124			100	226	280	226	226	226		86	20		0	0	140
3	0	38	22	風の兵士	124			100	226	280	226	226	226		86	20		0	0	140
3	0	38	23	風の兵士	124			100	226	280	226	226	226		86	20		0	0	140
3	0	38	24	風の兵士	124			100	226	280	226	226	226		86	20		0	0	140
3	0	38	25	あなたの矢の罠	79			230	226	316	280	226	226	15	0	20		0	0	80
3	0	38	26	鯛を抱く老巨人	119			400	118	298	190	514	424		68	20		0	0	120
3	0	38	27	鯛を抱く老巨人	119			400	118	298	190	514	424		68	20		0	0	120
3	0	38	28	鯛を抱く老巨人	119			400	118	298	190	514	424		68	20		0	0	120
3	0	38	29	鯛を抱く老巨人	119			400	118	298	190	514	424		68	20		0	0	120
3	0	38	30	鯛を抱く老巨人	119			400	118	298	190	514	424		68	20		0	0	120
3	0	39	1	あろーとらっぷ	149			230	228	319	290	228	228	15	0	21		0	0	80
3	0	39	2	あなたの瞬間移動の罠	62			230	190	280	334	190	118	15	0	20		0	0	63
3	0	39	3	あなたの電気床	64			300	226	370	424	280	154	15	65	20		0	0	66
3	0	39	4	あなたのアーチャー	81			230	154	370	280	280	226	15	74	20		0	0	82
3	0	39	5	あなたの矢の罠	79			230	226	316	280	226	226	15	0	20		0	0	80
3	0	39	6	あなたの瞬間移動の罠	62			230	190	280	334	190	118	15	0	20		0	0	63
3	0	39	7	あなたの迷宮	83			300	154	370	334	334	262	15	84	20		0	0	85
3	0	39	8	あなたのウィスプ	67			100	136	280	244	154	190	15	86	20		0	0	87
3	0	39	9	あなたの電気床	64			300	226	370	424	280	154	15	65	20		0	0	66
3	0	39	10	あなたのアーチャー	81			230	154	370	280	280	226	15	74	20		0	0	82
3	0	39	11	あなたの迷宮	83			300	154	370	334	334	262	15	84	20		0	0	85
3	0	39	12	あなたのウィスプ	67			100	136	280	244	154	190	15	86	20		0	0	87
3	0	39	13	アロートラップ	149			230	226	316	280	226	226	15	0	20		0	0	80
3	0	39	14	リンネルの羽根	76			220	190	118	244	190	190		122	20		0	0	123
3	0	39	15	リンネルの羽根	76			220	190	118	244	190	190		122	20		0	0	123
3	0	39	16	リンネルの羽根	76			220	190	118	244	190	190		122	20		0	0	123
3	0	39	17	リンネルの羽根	76			220	190	118	244	190	190		122	20		0	0	123
3	0	39	18	リンネルの羽根	76			220	190	118	244	190	190		122	20		0	0	123
3	0	39	19	リンネルの羽根	76			220	190	118	244	190	190		122	20		0	0	123
3	0	39	20	Dunkelgrün	119			100	226	280	226	226	226		86	20		0	0	140
3	0	39	21	Dunkelgrün	119			100	226	280	226	226	226		86	20		0	0	140
3	0	39	22	Dunkelgrün	119			100	226	280	226	226	226		86	20		0	0	140
3	0	39	23	アロートラップ	149			230	226	316	280	226	226		0	20		0	0	80
3	0	39	24	アロートラップ	149			230	226	316	280	226	226		0	20		0	0	80
3	0	39	26	アロートラップ	149			230	226	316	280	226	226	15	0	20		0	0	80
3	0	40	1	あなたの火炎放射の罠	60			230	190	190	298	190	190	15	0	20		0	0	61
3	0	40	2	あなたの瞬間移動の罠	62			230	190	280	298	190	118	15	0	20		0	0	63
3	0	40	3	あなたの電気床	64			300	226	370	388	280	154	15	65	20		0	0	66
3	0	40	4	あなたのマシン	67			360	154	370	388	154	118	15	68	20		0	0	69
3	0	40	7	あなたの熱砂	70			300	208	226	388	370	226	15	71	20		0	0	72
3	0	40	8	あなたのウィザード	73			230	118	172	334	190	244	15	74	20		0	0	75
3	0	40	9	あなたの電気床	64			300	226	370	388	280	154	15	65	20		0	0	66
3	0	40	11	あなたの熱砂	70			300	208	226	388	370	226	15	71	20		0	0	72
3	0	40	12	あなたのウィザード	73			230	118	172	334	190	244	15	74	20		0	0	75
3	0	40	14	誘う炎『ブレイジング・ファンタジア』	141			340	208	226	226	334	118		117	20		0	0	118
3	0	40	16	誘う炎『ブレイジング・ファンタジア』	141			340	208	226	226	334	118		117	20		0	0	118
3	0	41	1	あなたのアラームの罠	62			295	340	193	193	193	193	15	0	20		0	0	125
3	0	41	2	あなたの水牢の罠	126			295	340	193	193	193	193	15	0	20		0	0	127
3	0	41	3	あなたの水路	104			385	433	286	286	230	286	15	128	20		0	0	129
3	0	41	4	あなたのクラウド	67			308	340	174	155	118	155	15	74	20		0	0	130
3	0	41	5	あなたの水牢の罠	126			295	340	193	193	193	193	15	0	20		0	0	127
3	0	41	6	あなたの尖塔	64			385	433	304	304	211	230	15	131	20		0	0	132
3	0	41	7	あなたのアラームの罠	62			295	340	193	193	193	193	15	0	20		0	0	125
3	0	41	8	あなたのビースト	89			321	433	211	155	118	193	15	74	20		0	0	133
3	0	41	9	あなたの水路	104			385	433	286	286	230	286	15	128	20		0	0	129
3	0	41	10	あなたのクラウド	67			308	340	174	155	118	155	15	74	20		0	0	130
3	0	41	11	あなたの尖塔	64			385	433	304	304	211	230	15	131	20		0	0	132
3	0	41	12	あなたのビースト	89			321	433	211	155	118	193	15	74	20		0	0	133
3	0	41	13	いぬしっぽ	134			385	433	304	304	211	230	15	131	20		0	0	132
3	0	41	14	いぬ	143			285	431	210	155	118	192	15	74	20		0	0	133
3	0	41	15	【トリエステ】大水槽	152			262	284	192	192	192	246		0	20	281	0	0	127
3	0	41	16	ふつうのアーチャー-0	119			230	209	374	228	283	228	2	74	21		0	0	82
3	0	42	1	あなたの暗黒の罠	93			230	193	190	190	190	334	15	0	20	281	0	0	94
3	0	42	2	あなたの変化の罠	93			230	193	190	190	190	334	15	0	20	281	0	0	97
3	0	42	3	あなたの氷室	104			300	319	298	208	208	424	15	105	20	281	0	0	106
3	0	42	4	あなたのウィッチ	89			390	265	118	154	172	514	15	68	20	281	0	0	90
3	0	42	5	あなたの暗黒の罠	93			230	193	190	190	190	334	15	0	20	281	0	0	94
3	0	42	6	あなたの変化の罠	93			230	193	190	190	190	334	15	0	20	281	0	0	97
3	0	42	7	あなたの霊堂	98			300	247	298	226	262	424	15	99	20	281	0	0	100
3	0	42	8	あなたのプリンス	89			310	175	154	118	190	514	15	102	20	281	0	0	103
3	0	42	9	あなたの氷室	104			300	319	298	208	208	424	15	105	20	281	0	0	106
3	0	42	10	あなたのウィッチ	89			390	265	118	154	172	514	15	68	20	281	0	0	90
3	0	42	11	あなたの霊堂	98			300	247	298	226	262	424	15	99	20	281	0	0	100
3	0	42	12	あなたのプリンス	89			310	175	154	118	190	514	15	102	20	281	0	0	103
3	0	42	13	降り注ぐ雨	149			230	229	316	226	226	280	15	0	20	281	0	0	80
3	0	42	14	ふつうの鉄鎖の罠-0	149			230	229	226	226	316	280	2	0	20	282	0	0	111
3	0	42	15	ふつうの熱砂-0	199			300	212	228	374	374	282	2	71	21	283	0	0	72
3	0	43	1	あなたの火炎放射の罠	60			230	190	190	334	190	190	15	0	20		0	0	61
3	0	43	3	真英・パンデミックゲート	139			230	191	283	346	191	118	15	0	21		0	0	63
3	0	43	4	あなたのマシン	67			360	154	370	424	154	118	15	68	20		0	0	69
3	0	43	5	あなたの火炎放射の罠	60			230	190	190	334	190	190	15	0	20		0	0	61
3	0	43	6	あなたの瞬間移動の罠	62			230	190	280	334	190	118	15	0	20		0	0	63
3	0	43	7	あなたの熱砂	70			300	208	226	424	370	226	15	71	20		0	0	72
3	0	43	8	真英・ヘルホールワン	139			230	190	280	334	190	118	15	0	20		0	0	63
3	0	43	9	あなたの電気床	64			300	226	370	424	280	154	15	65	20		0	0	66
3	0	43	10	あなたのマシン	67			360	154	370	424	154	118	15	68	20		0	0	69
3	0	43	11	あなたの熱砂	70			300	208	226	424	370	226	15	71	20		0	0	72
3	0	43	12	あなたのウィザード	73			230	118	172	370	190	244	15	74	20		0	0	75
3	0	43	13	真英・ガリア対人火炎放射	153			230	190	190	334	190	190	15	0	20		0	0	61
3	0	43	14	真英・ガリア対人火炎放射	153			230	190	190	334	190	190		0	20		0	0	61
3	0	43	15	シンプル・テレポーター	139			230	190	280	334	190	118		0	20		0	0	63
3	0	44	1	あなたの暗黒の罠	93			230	190	190	190	190	334	15	0	20	281	0	0	94
3	0	44	2	あなたの変化の罠	93			230	190	190	190	190	334	15	0	20	281	0	0	97
3	0	44	3	あなたの氷室	104			300	316	298	208	208	424	15	105	20	281	0	0	106
3	0	44	4	あなたのウィッチ	89			390	262	118	154	172	514	15	68	20	281	0	0	90
3	0	44	5	あなたの暗黒の罠	93			230	190	190	190	190	334	15	0	20	281	0	0	94
3	0	44	6	あなたの変化の罠	93			230	190	190	190	190	334	15	0	20	281	0	0	97
3	0	44	7	あなたの霊堂	98			300	244	298	226	262	424	15	99	20	281	0	0	100
3	0	44	8	あなたのプリンス	89			310	172	154	118	190	514	15	102	20	281	0	0	103
3	0	44	9	あなたの氷室	104			300	316	298	208	208	424	15	105	20	281	0	0	106
3	0	44	10	ふつうのウィザード-0	141			230	118	173	319	191	300	2	74	21	282	0	0	75
3	0	44	11	あなたの霊堂	98			300	244	298	226	262	424	15	99	20	281	0	0	100
3	0	44	12	あなたのプリンス	89			310	172	154	118	190	514	15	102	20	281	0	0	103
3	0	44	13	ふつうの尖塔-0	154			300	370	298	298	208	280	2	131	20	281	0	0	132
3	0	44	14	ふつうの尖塔-0	134			300	370	298	298	208	280	2	131	20	281	0	0	132
3	0	45	6	あなたの変化の罠	93			394	194	194	194	194	343	15	0	20	281	0	0	97
3	0	45	7	あなたの霊堂	98			514	251	308	232	270	438	15	99	20	281	0	0	100
3	0	45	8	あなたのプリンス	89			531	175	156	118	194	533	15	102	20	281	0	0	103
3	0	45	9	あなたの氷室	104			514	327	308	213	213	438	15	105	20	281	0	0	106
3	0	45	10	あなたのウィッチ	89			668	270	118	156	175	533	15	68	20	281	0	0	90
3	0	45	11	あなたの霊堂	98			514	251	308	232	270	438	15	99	20	281	0	0	100
3	0	45	12	あなたのプリンス	89			531	175	156	118	194	533	15	102	20	281	0	0	103
3	0	45	13	あんこう！あんこう！	121			514	251	308	232	270	438	15	99	20	281	0	0	100
3	0	46	2	鯛を抱く老巨人	119			400	118	298	190	514	424		68	20		0	0	120
3	0	46	3	プリンス(♀)	143			310	172	154	118	190	514		102	20	282	0	0	103
3	0	46	4	プリンス(♀)	143			310	172	154	118	190	514		102	20	282	0	0	103
3	0	46	5	プリンス(♀)	143			310	172	154	118	190	514		102	20	282	0	0	103
3	0	46	6	あなたの変化の罠	93			558	196	196	196	196	355	15	0	20	309	0	0	97
3	0	46	7	あなたの霊堂	98			728	254	312	235	274	452	15	99	20	309	0	0	100
3	0	46	8	あなたのプリンス	89			752	177	158	119	196	549	15	102	20	309	0	0	103
3	0	46	9	あなたの氷室	104			728	332	312	216	216	452	15	105	20	309	0	0	106
3	0	46	10	あなたのウィッチ	89			947	274	119	158	177	549	15	68	20	309	0	0	90
3	0	46	11	あなたの霊堂	98			728	254	312	235	274	452	15	99	20	309	0	0	100
3	0	46	12	あなたのプリンス	89			752	177	158	119	196	549	15	102	20	309	0	0	103
3	0	46	13	ふつうのアルラウネ-0	124			270	136	280	208	460	306	2	115	20	309	0	0	116
3	0	46	14	つめたーいの	138			300	325	298	208	208	370		105	20		0	0	106
3	0	46	15	鯛を抱く老巨人	119			400	118	298	190	514	424		68	20		0	0	120
3	0	46	17	鯛を抱く老巨人	119			400	118	298	190	514	424		68	20		0	0	120
3	0	46	18	鯛を抱く老巨人	119			400	118	298	190	514	424		68	20		0	0	120
3	0	46	19	鯛を抱く老巨人	119			400	118	298	190	514	424		68	20		0	0	120
3	0	46	21	鯛を抱く老巨人	119			400	118	298	190	514	424		68	20		0	0	120
3	0	47	1	あなたの睡眠ガスの罠	60			230	190	190	190	342	190	15	0	20		0	0	110
3	0	47	2	あなたの鉄鎖の罠	79			230	226	226	226	378	226	15	0	20		0	0	111
3	0	47	3	あなたの植物	83			300	172	334	244	432	280	15	113	20		0	0	114
3	0	47	4	あなたのアルラウネ	81			270	136	280	208	522	244	15	115	20		0	0	116
3	0	47	5	あなたの睡眠ガスの罠	60			230	190	190	190	342	190	15	0	20		0	0	110
3	0	47	6	あなたの鉄鎖の罠	79			230	226	226	226	378	226	15	0	20		0	0	111
3	0	47	7	あなたの熱砂	70			300	208	226	370	432	226	15	71	20		0	0	72
3	0	47	8	あなたのサキュバス	73			340	208	226	208	396	118	15	117	20		0	0	118
3	0	47	9	あなたの植物	83			300	172	334	244	432	280	15	113	20		0	0	114
3	0	47	10	あなたのアルラウネ	81			270	136	280	208	522	244	15	115	20		0	0	116
3	0	47	11	あなたの熱砂	70			300	208	226	370	432	226	15	71	20		0	0	72
3	0	47	12	あなたのサキュバス	73			340	208	226	208	396	118	15	117	20		0	0	118
3	0	47	13	熟したばなな	141			340	208	226	208	396	118	15	117	20		0	0	118
3	0	47	14	完熟ばなな	153			230	191	191	191	346	191	15	0	21		0	0	110
3	0	47	15	ふつうの熱砂-0	78			300	208	226	370	370	280		71	20	282	0	0	72
3	0	47	16	ふつうの熱砂-0	78			300	208	226	370	370	280		71	20	282	0	0	72
3	0	47	17	ふつうの熱砂-0	78			300	208	226	370	370	280		71	20	282	0	0	72
3	0	47	19	熟したばなな	141			340	208	226	208	396	118		117	20		0	0	118
3	0	47	20	熟したばなな	141			340	208	226	208	396	118		117	20		0	0	118
3	0	47	21	熟したばなな	141			340	208	226	208	396	118		117	20		0	0	118
3	0	47	22	熟したばなな	141			340	208	226	208	396	118		117	20		0	0	118
3	0	47	23	熟したばなな	141			340	208	226	208	396	118		117	20		0	0	118
3	0	48	1	あなたの睡眠ガスの罠	60			230	190	190	190	280	190	15	0	20		0	0	110
3	0	48	2	あなたの鉄鎖の罠	79			230	226	226	226	316	226	15	0	20		0	0	111
3	0	48	3	あなたの植物	83			300	172	334	244	370	280	15	113	20		0	0	114
3	0	48	4	あなたのアルラウネ	81			270	136	280	208	460	244	15	115	20		0	0	116
3	0	48	5	あなたの睡眠ガスの罠	60			230	190	190	190	280	190	15	0	20		0	0	110
3	0	48	6	あなたの鉄鎖の罠	79			230	226	226	226	316	226	15	0	20		0	0	111
3	0	48	7	あなたの熱砂	70			300	208	226	370	370	226	15	71	20		0	0	72
3	0	48	8	あなたのサキュバス	73			340	208	226	208	334	118	15	117	20		0	0	118
3	0	48	9	あなたの植物	83			300	172	334	244	370	280	15	113	20		0	0	114
3	0	48	10	あなたのアルラウネ	81			270	136	280	208	460	244	15	115	20		0	0	116
3	0	48	11	あなたの熱砂	70			300	208	226	370	370	226	15	71	20		0	0	72
3	0	48	12	あなたのサキュバス	73			340	208	226	208	334	118	15	117	20		0	0	118
3	0	48	13	ふつうのゴースト-0	143			100	280	226	118	172	154	2	86	20		0	0	191
3	0	48	14	ふつうのゴースト-0	143			100	280	226	118	172	154	2	86	20		0	0	191
3	0	48	15	ふつうの睡眠ガスの罠-0	144			230	191	191	191	283	191	2	0	21		0	0	110
