result_no	generate_no	e_no	reward_type_id	value	
5	0	1	9	39
5	0	1	10	10.51
5	0	1	11	1.38
5	0	1	12	9.86
5	0	1	13	120
5	0	1	14	180
5	0	1	15	0
5	0	2	9	32
5	0	2	10	9.24
5	0	2	11	6.8
5	0	2	12	9.42
5	0	2	13	120
5	0	2	14	177
5	0	2	15	6
5	0	3	9	0
5	0	3	10	9.01
5	0	3	11	6.19
5	0	3	12	10.09
5	0	3	13	100
5	0	3	14	125
5	0	3	15	8
5	0	4	9	40
5	0	4	10	11.35
5	0	4	11	28.65
5	0	4	12	0
5	0	4	13	120
5	0	4	14	200
5	0	4	15	0
5	0	5	9	68
5	0	5	10	9.81
5	0	5	11	12.86
5	0	5	12	9.86
5	0	5	13	100
5	0	5	14	200
5	0	5	15	0
5	0	6	9	0
5	0	6	10	8.86
5	0	6	11	1.37
5	0	6	12	9.86
5	0	6	13	110
5	0	6	14	130
5	0	6	15	1
5	0	7	9	1
5	0	7	10	8.68
5	0	7	11	6.14
5	0	7	12	8.07
5	0	7	13	100
5	0	7	14	124
5	0	7	15	5
5	0	8	9	0
5	0	8	10	11.26
5	0	8	11	28.74
5	0	8	12	0
5	0	8	13	120
5	0	8	14	160
5	0	8	15	0
5	0	9	9	83
5	0	9	10	8.86
5	0	9	11	1.38
5	0	9	12	11.11
5	0	9	13	100
5	0	9	14	204
5	0	9	15	4
5	0	10	9	36
5	0	10	10	10.1
5	0	10	11	5.98
5	0	10	12	10.47
5	0	10	13	120
5	0	10	14	182
5	0	10	15	0
5	0	11	9	0
5	0	11	10	9.93
5	0	11	11	22.12
5	0	11	12	7.95
5	0	11	13	110
5	0	11	14	150
5	0	11	15	0
5	0	12	9	356
5	0	12	10	8.85
5	0	12	11	6.93
5	0	12	12	8.36
5	0	12	13	100
5	0	12	14	480
5	0	12	15	6
5	0	13	9	36
5	0	13	10	10
5	0	13	11	6.3
5	0	13	12	11.51
5	0	13	13	110
5	0	13	14	173
5	0	13	15	4
5	0	14	9	92
5	0	14	10	9.94
5	0	14	11	7.74
5	0	14	12	9.42
5	0	14	13	120
5	0	14	14	239
5	0	14	15	8
5	0	15	9	495
5	0	15	10	11.59
5	0	15	11	28.41
5	0	15	12	0
5	0	15	13	120
5	0	15	14	655
5	0	15	15	0
5	0	16	9	0
5	0	16	10	9.67
5	0	16	11	8.65
5	0	16	12	9.08
5	0	16	13	100
5	0	16	14	127
5	0	16	15	0
5	0	17	9	93
5	0	17	10	9.69
5	0	17	11	1.36
5	0	17	12	9.86
5	0	17	13	110
5	0	17	14	223
5	0	17	15	0
5	0	18	9	23
5	0	18	10	10.8
5	0	18	11	18.89
5	0	18	12	10.31
5	0	18	13	100
5	0	18	14	163
5	0	18	15	0
5	0	19	9	52
5	0	19	10	10.44
5	0	19	11	6.16
5	0	19	12	11.51
5	0	19	13	110
5	0	19	14	190
5	0	19	15	0
5	0	20	9	74
5	0	20	10	10.01
5	0	20	11	7.19
5	0	20	12	9.42
5	0	20	13	110
5	0	20	14	210
5	0	20	15	0
5	0	21	9	12
5	0	21	10	9.55
5	0	21	11	6.88
5	0	21	12	11.51
5	0	21	13	110
5	0	21	14	149
5	0	21	15	0
5	0	22	9	39
5	0	22	10	10.55
5	0	22	11	7.36
5	0	22	12	9.42
5	0	22	13	110
5	0	22	14	176
5	0	22	15	0
5	0	23	9	50
5	0	23	10	11.62
5	0	23	11	26.22
5	0	23	12	2.16
5	0	23	13	110
5	0	23	14	200
5	0	23	15	0
5	0	24	9	18
5	0	24	10	11.97
5	0	24	11	14.42
5	0	24	12	12.11
5	0	24	13	110
5	0	24	14	166
5	0	24	15	0
5	0	25	9	10
5	0	25	10	10.3
5	0	25	11	6.72
5	0	25	12	10.09
5	0	25	13	120
5	0	25	14	157
5	0	25	15	0
5	0	26	9	0
5	0	26	10	10.02
5	0	26	11	15.11
5	0	26	12	9.86
5	0	26	13	120
5	0	26	14	156
5	0	26	15	0
5	0	27	9	61
5	0	27	10	9.31
5	0	27	11	7.12
5	0	27	12	9.42
5	0	27	13	120
5	0	27	14	206
5	0	27	15	0
5	0	28	9	93
5	0	28	10	8.74
5	0	28	11	6.33
5	0	28	12	11.51
5	0	28	13	100
5	0	28	14	219
5	0	28	15	8
5	0	29	9	41
5	0	29	10	10.65
5	0	29	11	6.91
5	0	29	12	11.1
5	0	29	13	120
5	0	29	14	189
5	0	29	15	1
5	0	30	9	0
5	0	30	10	9.64
5	0	30	11	16.3
5	0	30	12	12.11
5	0	30	13	100
5	0	30	14	138
5	0	30	15	0
5	0	31	9	111
5	0	31	10	8.86
5	0	31	11	1.62
5	0	31	12	9.86
5	0	31	13	100
5	0	31	14	231
5	0	31	15	0
5	0	32	9	94
5	0	32	10	8.86
5	0	32	11	1.4
5	0	32	12	9.86
5	0	32	13	100
5	0	32	14	201
5	0	32	15	4
5	0	33	9	53
5	0	33	10	10.98
5	0	33	11	6.75
5	0	33	12	10.47
5	0	33	13	100
5	0	33	14	181
5	0	33	15	0
5	0	34	9	0
5	0	34	10	11.02
5	0	34	11	7.83
5	0	34	12	8.07
5	0	34	13	130
5	0	34	14	156
5	0	34	15	0
5	0	35	9	96
5	0	35	10	10.51
5	0	35	11	1.67
5	0	35	12	9.86
5	0	35	13	130
5	0	35	14	248
5	0	35	15	0
5	0	36	9	75
5	0	36	10	8.86
5	0	36	11	1.41
5	0	36	12	9.86
5	0	36	13	100
5	0	36	14	195
5	0	36	15	5
5	0	37	9	132
5	0	37	10	9.36
5	0	37	11	14.94
5	0	37	12	11.1
5	0	37	13	100
5	0	37	14	267
5	0	37	15	0
5	0	38	9	590
5	0	38	10	11.05
5	0	38	11	28.95
5	0	38	12	0
5	0	38	13	120
5	0	38	14	750
5	0	38	15	0
5	0	39	9	6
5	0	39	10	11.33
5	0	39	11	1.49
5	0	39	12	9.86
5	0	39	13	110
5	0	39	14	138
5	0	39	15	0
5	0	40	9	10
5	0	40	10	9.89
5	0	40	11	1.38
5	0	40	12	9.86
5	0	40	13	100
5	0	40	14	131
5	0	40	15	0
5	0	41	9	70
5	0	41	10	10.81
5	0	41	11	14.71
5	0	41	12	9.08
5	0	41	13	110
5	0	41	14	214
5	0	41	15	2
5	0	42	9	31
5	0	42	10	10.6
5	0	42	11	7.66
5	0	42	12	9.42
5	0	42	13	120
5	0	42	14	178
5	0	42	15	0
5	0	43	9	127
5	0	43	10	9.64
5	0	43	11	7.39
5	0	43	12	8.36
5	0	43	13	120
5	0	43	14	272
5	0	43	15	0
5	0	44	9	0
5	0	44	10	9.56
5	0	44	11	19.77
5	0	44	12	9.42
5	0	44	13	110
5	0	44	14	148
5	0	44	15	0
5	0	45	9	53
5	0	45	10	8.84
5	0	45	11	7.14
5	0	45	12	9.08
5	0	45	13	110
5	0	45	14	188
5	0	45	15	6
5	0	46	9	160
5	0	46	10	8.86
5	0	46	11	1.44
5	0	46	12	9.86
5	0	46	13	100
5	0	46	14	283
5	0	46	15	0
5	0	47	9	68
5	0	47	10	9.46
5	0	47	11	8.59
5	0	47	12	10.47
5	0	47	13	100
5	0	47	14	196
5	0	47	15	0
5	0	48	9	78
5	0	48	10	9.69
5	0	48	11	1.56
5	0	48	12	9.86
5	0	48	13	120
5	0	48	14	219
5	0	48	15	0
5	0	49	9	56
5	0	49	10	10.56
5	0	49	11	7.71
5	0	49	12	9.42
5	0	49	13	100
5	0	49	14	183
5	0	49	15	0
5	0	50	9	48
5	0	50	10	8.86
5	0	50	11	1.33
5	0	50	12	9.86
5	0	50	13	100
5	0	50	14	168
5	0	50	15	9
5	0	51	9	58
5	0	51	10	11.09
5	0	51	11	2.81
5	0	51	12	11.11
5	0	51	13	100
5	0	51	14	183
5	0	51	15	2
5	0	52	9	16
5	0	52	10	9.83
5	0	52	11	7.47
5	0	52	12	8.78
5	0	52	13	110
5	0	52	14	152
5	0	52	15	4
5	0	53	9	226
5	0	53	10	9.73
5	0	53	11	9.58
5	0	53	12	10.73
5	0	53	13	110
5	0	53	14	366
5	0	53	15	4
5	0	54	9	20
5	0	54	10	9.58
5	0	54	11	8.74
5	0	54	12	8.78
5	0	54	13	100
5	0	54	14	147
5	0	54	15	8
5	0	55	9	290
5	0	55	10	11.39
5	0	55	11	8.36
5	0	55	12	8.78
5	0	55	13	110
5	0	55	14	428
5	0	55	15	0
5	0	56	9	77
5	0	56	10	9.87
5	0	56	11	9.08
5	0	56	12	10.73
5	0	56	13	120
5	0	56	14	226
5	0	56	15	0
5	0	57	9	56
5	0	57	10	10.66
5	0	57	11	7.6
5	0	57	12	9.75
5	0	57	13	110
5	0	57	14	194
5	0	57	15	8
5	0	58	9	30
5	0	58	10	10.13
5	0	58	11	9.73
5	0	58	12	8.78
5	0	58	13	120
5	0	58	14	178
5	0	58	15	0
5	0	59	9	87
5	0	59	10	9.38
5	0	59	11	10.69
5	0	59	12	9.75
5	0	59	13	110
5	0	59	14	226
5	0	59	15	8
5	0	60	9	60
5	0	60	10	9.12
5	0	60	11	8.39
5	0	60	12	9.75
5	0	60	13	110
5	0	60	14	197
5	0	60	15	4
5	0	61	9	303
5	0	61	10	9.24
5	0	61	11	8.45
5	0	61	12	12.32
5	0	61	13	110
5	0	61	14	443
5	0	61	15	0
5	0	62	9	39
5	0	62	10	8.6
5	0	62	11	16.83
5	0	62	12	10.42
5	0	62	13	100
5	0	62	14	174
5	0	62	15	0
5	0	63	9	36
5	0	63	10	12.02
5	0	63	11	8.15
5	0	63	12	10.42
5	0	63	13	100
5	0	63	14	166
5	0	63	15	0
5	0	64	9	29
5	0	64	10	11.98
5	0	64	11	7.88
5	0	64	12	11.37
5	0	64	13	100
5	0	64	14	160
5	0	64	15	0
5	0	65	9	0
5	0	65	10	11.24
5	0	65	11	7.88
5	0	65	12	8.53
5	0	65	13	110
5	0	65	14	137
5	0	65	15	4
5	0	66	9	50
5	0	66	10	10.38
5	0	66	11	10.49
5	0	66	12	9.47
5	0	66	13	110
5	0	66	14	190
5	0	66	15	8
5	0	67	9	3
5	0	67	10	11.24
5	0	67	11	7.68
5	0	67	12	10.42
5	0	67	13	110
5	0	67	14	142
5	0	67	15	2
5	0	68	9	71
5	0	68	10	10.17
5	0	68	11	9.57
5	0	68	12	11.37
5	0	68	13	100
5	0	68	14	202
5	0	68	15	8
5	0	69	9	30
5	0	69	10	8.63
5	0	69	11	8.16
5	0	69	12	9.47
5	0	69	13	100
5	0	69	14	156
5	0	69	15	0
5	0	70	9	66
5	0	70	10	9.38
5	0	70	11	8.13
5	0	70	12	10.42
5	0	70	13	100
5	0	70	14	193
5	0	70	15	4
5	0	71	9	134
5	0	71	10	9.56
5	0	71	11	11.26
5	0	71	12	10.42
5	0	71	13	110
5	0	71	14	275
5	0	71	15	6
5	0	72	9	109
5	0	72	10	9.99
5	0	72	11	9.73
5	0	72	12	9.47
5	0	72	13	110
5	0	72	14	248
5	0	72	15	4
5	0	73	9	22
5	0	73	10	8.23
5	0	73	11	10.11
5	0	73	12	8.53
5	0	73	13	100
5	0	73	14	148
5	0	73	15	6
5	0	74	9	55
5	0	74	10	9.53
5	0	74	11	9.91
5	0	74	12	9.47
5	0	74	13	100
5	0	74	14	183
5	0	74	15	6
5	0	75	9	111
5	0	75	10	9.44
5	0	75	11	11.03
5	0	75	12	10.42
5	0	75	13	120
5	0	75	14	261
5	0	75	15	6
5	0	76	9	26
5	0	76	10	9.57
5	0	76	11	10.18
5	0	76	12	10.42
5	0	76	13	130
5	0	76	14	186
5	0	76	15	4
5	0	77	9	85
5	0	77	10	10.5
5	0	77	11	9.99
5	0	77	12	9.47
5	0	77	13	110
5	0	77	14	224
5	0	77	15	2
5	0	78	9	137
5	0	78	10	9.77
5	0	78	11	13.34
5	0	78	12	9.47
5	0	78	13	110
5	0	78	14	279
5	0	78	15	0
5	0	79	9	50
5	0	79	10	10.31
5	0	79	11	9.91
5	0	79	12	8.53
5	0	79	13	110
5	0	79	14	188
5	0	79	15	8
5	0	80	9	0
5	0	80	10	10.13
5	0	80	11	11.22
5	0	80	12	9.47
5	0	80	13	100
5	0	80	14	130
5	0	80	15	4
5	0	81	9	0
5	0	81	10	9.6
5	0	81	11	8.16
5	0	81	12	9.56
5	0	81	13	100
5	0	81	14	127
5	0	81	15	8
5	0	82	9	0
5	0	82	10	11.55
5	0	82	11	8.36
5	0	82	12	11.48
5	0	82	13	100
5	0	82	14	131
5	0	82	15	8
5	0	83	9	25
5	0	83	10	10.52
5	0	83	11	8.33
5	0	83	12	8.61
5	0	83	13	110
5	0	83	14	162
5	0	83	15	8
5	0	84	9	124
5	0	84	10	10.21
5	0	84	11	25.45
5	0	84	12	4.34
5	0	84	13	120
5	0	84	14	284
5	0	84	15	0
5	0	85	9	64
5	0	85	10	12.45
5	0	85	11	7.3
5	0	85	12	11.48
5	0	85	13	110
5	0	85	14	205
5	0	85	15	0
5	0	86	9	40
5	0	86	10	12.13
5	0	86	11	8.53
5	0	86	12	10.52
5	0	86	13	120
5	0	86	14	191
5	0	86	15	6
5	0	87	9	0
5	0	87	10	9.86
5	0	87	11	10.9
5	0	87	12	10.52
5	0	87	13	120
5	0	87	14	151
5	0	87	15	8
5	0	88	9	0
5	0	88	10	8.17
5	0	88	11	6.99
5	0	88	12	8.61
5	0	88	13	100
5	0	88	14	123
5	0	88	15	6
5	0	89	9	199
5	0	89	10	8.86
5	0	89	11	7.31
5	0	89	12	11.48
5	0	89	13	110
5	0	89	14	336
5	0	89	15	6
5	0	90	9	25
5	0	90	10	9.74
5	0	90	11	8.77
5	0	90	12	8.61
5	0	90	13	100
5	0	90	14	152
5	0	90	15	2
5	0	91	9	39
5	0	91	10	11.21
5	0	91	11	7.06
5	0	91	12	7.65
5	0	91	13	110
5	0	91	14	174
5	0	91	15	6
5	0	92	9	78
5	0	92	10	9.35
5	0	92	11	10.59
5	0	92	12	9.56
5	0	92	13	100
5	0	92	14	201
5	0	92	15	6
5	0	93	9	254
5	0	93	10	9.41
5	0	93	11	8.32
5	0	93	12	8.61
5	0	93	13	120
5	0	93	14	400
5	0	93	15	0
5	0	94	9	428
5	0	94	10	9.87
5	0	94	11	9.76
5	0	94	12	10.52
5	0	94	13	110
5	0	94	14	568
5	0	94	15	4
5	0	95	9	121
5	0	95	10	10.41
5	0	95	11	10.39
5	0	95	12	11.48
5	0	95	13	100
5	0	95	14	253
5	0	95	15	4
5	0	96	9	110
5	0	96	10	8.32
5	0	96	11	7.69
5	0	96	12	9.56
5	0	96	13	100
5	0	96	14	235
5	0	96	15	2
5	0	97	9	67
5	0	97	10	9.34
5	0	97	11	9.73
5	0	97	12	10.52
5	0	97	13	110
5	0	97	14	200
5	0	97	15	8
5	0	98	9	58
5	0	98	10	9.54
5	0	98	11	6.85
5	0	98	12	9.56
5	0	98	13	100
5	0	98	14	183
5	0	98	15	6
5	0	99	9	5
5	0	99	10	9.45
5	0	99	11	20.7
5	0	99	12	9.85
5	0	99	13	100
5	0	99	14	145
5	0	99	15	8
5	0	100	9	26
5	0	100	10	9.9
5	0	100	11	8.71
5	0	100	12	9.56
5	0	100	13	110
5	0	100	14	164
5	0	100	15	0
5	0	101	9	39
5	0	101	10	9.67
5	0	101	11	6.48
5	0	101	12	9.65
5	0	101	13	110
5	0	101	14	174
5	0	101	187	0
5	0	101	15	6
5	0	102	9	9
5	0	102	10	11.68
5	0	102	11	7.99
5	0	102	12	10.18
5	0	102	13	130
5	0	102	14	170
5	0	102	187	0
5	0	102	15	8
5	0	103	9	41
5	0	103	10	8.6
5	0	103	11	6.57
5	0	103	12	9.65
5	0	103	13	110
5	0	103	14	176
5	0	103	187	0
5	0	103	15	6
5	0	104	9	5
5	0	104	10	8.92
5	0	104	11	7.71
5	0	104	12	9.57
5	0	104	13	100
5	0	104	14	131
5	0	104	187	0
5	0	104	15	9
5	0	105	9	27
5	0	105	10	9.71
5	0	105	11	6.06
5	0	105	12	9.77
5	0	105	13	120
5	0	105	14	172
5	0	105	187	0
5	0	105	15	6
